"","score","text"
"1",-1,"RT @aseemmanchanda: DoT has asked #TRAI to investigate license conditions violation by #Airtel, Vodafone and Idea Cellular by playing pre c…"
"2",-1,"Thank you @Airtel_Presence for such a terribly horrible network. I have no idea y am I still using your services fo… https://t.co/C7M4OKnobP"
"3",-1,"@airtelindia 
Internet is not working on ma number 9582223333 from morning. Continuously i coordinate  my problem w… https://t.co/IfqlVGxmWu"
"4",0,"RT @sakshinews: <U+0C2A><U+0C4D><U+0C32><U+0C3E><U+0C28><U+0C4D><U+0C32> <U+0C05><U+0C2A><U+0C4D><U+200C><U+0C21><U+0C47><U+0C1F><U+0C4D><U+200C><U+0C32><U+0C4B> <U+0C2C><U+0C3F><U+0C1C><U+0C40><U+0C2C><U+0C3F><U+0C1C><U+0C40><U+0C17><U+0C3E> <U+0C0E><U+0C2F><U+0C3F><U+0C30><U+0C4D><U+200C><U+0C1F><U+0C46><U+0C32><U+0C4D><U+200C>
https://t.co/7rBS7whV4t
#Airtel #RelianceJio https://t.co/EXAcFzIHg4"
"5",-1,"What's happening to #AIRTEL? They seem to have caught an incurable virus. Epileptic Data Service"
"6",-1,"@airtelindia will you stop sending incorrect bills every month?? You fail to correct it even after multiple request… https://t.co/OFZA0cBQpN"
"7",0,"Retablissement de l'Internet Mobile #Airtel #Orange #Vodacom Réseaux de merde"
"8",0,"@airtelindia i port my number from Idea to Airtel beacuase of fast service , but i am getting very poor service from #Airtel.
8097077464"
"9",0,"<U+0BB5><U+0BBF><U+0BA9><U+0BCD><U+0B95><U+0BCD> <U+0BAE><U+0BBF><U+0BAF><U+0BC2><U+0B9A><U+0BBF><U+0B95><U+0BCD> <U+0B9A><U+0BC6><U+0BAF><U+0BB2><U+0BBF> 75 <U+0BAE><U+0BBF><U+0BB2><U+0BCD><U+0BB2><U+0BBF><U+0BAF><U+0BA9><U+0BCD> <U+0B9F><U+0BB5><U+0BC1><U+0BA9><U+0BCD><U+0BB2><U+0BCB><U+0B9F><U+0BC1><U+0B95><U+0BB3><U+0BC8> <U+0B95><U+0B9F><U+0BA8><U+0BCD><U+0BA4><U+0BC1><U+0BB3><U+0BCD><U+0BB3><U+0BA4><U+0BBE><U+0B95> <U+0B8F><U+0BB0><U+0BCD><U+0B9F><U+0BC6><U+0BB2><U+0BCD> <U+0B85><U+0BB1><U+0BBF><U+0BB5><U+0BBF><U+0BAA><U+0BCD><U+0BAA><U+0BC1>

#WynkMusic #TechNews #smartphones… https://t.co/g59fGuhLlU"
"10",-1,"RT @anil15672: #Airtel suffered losses, as it just comes up with #Airteloffers to compete #Jio, without improving their Infra.I have around…"
"11",-1,"Fed-up with poor customer service from @airtelindia @Airtel_Presence chasing since morning but still no result..… https://t.co/sgVoJQAvCC"
"12",0,"i port my number from Idea to Airtel beacuase of fast service , but i am getting very poor service from #Airtel.
8097077464"
"13",1,"@Airtel_Presence why can't we get unlimited plan which similar prepaid
Prepaid 399/84days/84gb data whereas postpai… https://t.co/2zI1tOubvU"
"14",1,"Airtel 399 Plan Now Gives 84GB Data With Unlimited Calls &amp; SMS #Airtel #Airtel399Plan https://t.co/4hSFIril0g https://t.co/lcFGHeGxKq"
"15",-1,"@Airtel_Presence Its not a query , its a complaint. Internet speeds were normal with internet packs. The moment i r… https://t.co/28QTNPpwow"
"16",0,"#RDC #Kinshasa les services internet et sms des opérateurs @Orange, #Vodacom, #Airtel etc. toujours coupés… Pour qu… https://t.co/Hj267JvhKr"
"17",0,"#ConnectingAfrica: #Airtel reported revenues of $783 million, up by 5% from a year earlier, and grew its #African c… https://t.co/IJo8M15FeU"
"18",0,"Démarre cette nouvelle semaine en faisant le plein de crédit. Grâce au #DoubleCreditPermanent bénéficie de 100% de… https://t.co/IFkYvNqYa1"
"19",0,"RT @akfdbg99: @Airtel_Presence this is the network speed of #airtel4g #Shameless #Airtel. Please upgrade the network asap. https://t.co/hCs…"
"20",0,"#Airtel.. it's 19 days since a request for porting mob no 9536083370 is made. Till date airtel has NOT provided ser… https://t.co/OXdI0o3soP"
"21",0,"@beebomco Are u talking about app installed ?? Check it out.#wynkmusic  #airtel #Wynk https://t.co/wofjXhJfkg"
"22",0,"#Airtel <U+0A28><U+0A47> <U+0A06><U+0A2A><U+0A23><U+0A47> <U+0A07><U+0A38> <U+0A2A><U+0A32><U+0A3E><U+0A28> '<U+0A1A> <U+0A15><U+0A40><U+0A24><U+0A3E> <U+0A2C><U+0A26><U+0A32><U+0A3E><U+0A05>, <U+0A2E><U+0A3F><U+0A32><U+0A47><U+0A17><U+0A3E> 84GB <U+0A21><U+0A3E><U+0A1F><U+0A3E>
https://t.co/jJNPBaHSxm

@airtelindia https://t.co/3IB0l8SSWR"
"23",0,"<U+0C2A><U+0C4D><U+0C32><U+0C3E><U+0C28><U+0C4D><U+0C32> <U+0C05><U+0C2A><U+0C4D><U+200C><U+0C21><U+0C47><U+0C1F><U+0C4D><U+200C><U+0C32><U+0C4B> <U+0C2C><U+0C3F><U+0C1C><U+0C40><U+0C2C><U+0C3F><U+0C1C><U+0C40><U+0C17><U+0C3E> <U+0C0E><U+0C2F><U+0C3F><U+0C30><U+0C4D><U+200C><U+0C1F><U+0C46><U+0C32><U+0C4D><U+200C>
https://t.co/7rBS7whV4t
#Airtel #RelianceJio https://t.co/EXAcFzIHg4"
"24",0,"<U+091C><U+093F><U+092F><U+094B> <U+0915><U+0947> <U+0938><U+093E><U+0925> <U+090F><U+092F><U+0930><U+091F><U+0947><U+0932> <U+092D><U+0940> <U+0932><U+0947> <U+0930><U+0939><U+093E> <U+0939><U+0948> <U+0915><U+0921><U+093C><U+0940> <U+091F><U+0915><U+094D><U+0915><U+0930>
#technologynews #jio #airtel
https://t.co/XLhn83uKDW"
"25",1,"""Reliance #Jio vs #Airtel: Who is offering a better deal for Rs 149 and Rs 399 https://t.co/dlmAbRvhbn #dnaTech https://t.co/Zrhg50S7Lg"""
"26",0,"RT @beebomco: Do you Wynk?

#Wynk #Airtel https://t.co/7ch704F9ct"
"27",1,"Reliance #Jio vs #Airtel: Who is offering a better deal for Rs 149 and Rs 399 https://t.co/dMEibL7G8E #dnaTech https://t.co/Fr75BkrU9h"
"28",0,"RT @expresstechie: Statistics have shown that #Airtel Wynk Music has been downloaded more than 75 million times
https://t.co/RtHHBCSRIT"
"29",0,"Statistics have shown that #Airtel Wynk Music has been downloaded more than 75 million times
https://t.co/RtHHBCSRIT"
"30",0,"#Airtel new offer for its users. Airtel IndiaJio https://t.co/VDj5xbBIlv"
"31",0,"RT beebomco : Do you Wynk?

#Wynk #Airtel https://t.co/1n222Et7o0"
"32",0,"Do you Wynk?

#Wynk #Airtel https://t.co/7ch704F9ct"
"33",4,"Why write love letters when you can simply dedicate love songs to your beloved ones <U+2764><U+FE0F> Now make this beautiful song… https://t.co/1BIHAcZiKz"
"34",0,"RT @NewsNationTV: #Airtel’s #Wynkmusic crosses 75 million app installations!
https://t.co/7h4XkLMktJ"
"35",0,"#Airtel’s #Wynkmusic crosses 75 million app installations!
https://t.co/7h4XkLMktJ"
"36",2,"Now, Enjoy more data &amp; calling benefits with #Airtel plans. More details inside.  https://t.co/yr2Dsk4HFv"
"37",-1,"The customers are switching from #Airtel to other operators cuz of your network issue, not cuz of your plans.… https://t.co/uAlG7ym1MK"
"38",0,"Redmi 5 Price Leaked, Snapdragon 845 Unveiled, #Airtel Rs. 349 Plan Updated, and More: Your… https://t.co/r4vuBbxqa6 https://t.co/S8yGPnrqCV"
"39",0,"Redmi 5 Price Leaked, Snapdragon 845 Unveiled, #Airtel Rs. 349 Plan Updated, and More: Your… https://t.co/r4vuBbxqa6"
"40",0,"#airterpostpaid After calling multiple times to customer care...there is no solution.
I have opted for 199 plan and… https://t.co/Fux1wCnfdc"
"41",1,"Airtel Rs 149 Plan Now Offers Unlimited Outgoing Roaming Calls - But There's A Catch!
https://t.co/sSWdgUD0DF… https://t.co/AiMnF7K3T5"
"42",1,"Airtel Rs 149 Plan Now Offers Unlimited Outgoing Roaming Calls - But There's A Catch!
https://t.co/hC5t9xmyk5… https://t.co/ZYVJfIOhBz"
"43",1,"Airtel Rs 149 Plan Now Offers Unlimited Outgoing Roaming Calls - But There's A Catch!
https://t.co/4KcmHyiABl… https://t.co/sSFQ9RZDrq"
"44",0,"RT @PTTVOnlineNews: <U+0B8F><U+0BB0><U+0BCD><U+0B9F><U+0BC6><U+0BB2><U+0BCD><U+0BB2><U+0BBF><U+0BA9><U+0BCD> <U+0BB0><U+0BC2>.399 <U+0BA4><U+0BBF><U+0B9F><U+0BCD><U+0B9F><U+0BA4><U+0BCD><U+0BA4><U+0BBF><U+0BB2><U+0BCD> <U+0BAE><U+0BBE><U+0BB1><U+0BCD><U+0BB1><U+0BAE><U+0BCD>!
https://t.co/kCWgT3eIIt #Airtel"
"45",0,"<U+0B8F><U+0BB0><U+0BCD><U+0B9F><U+0BC6><U+0BB2><U+0BCD><U+0BB2><U+0BBF><U+0BA9><U+0BCD> <U+0BB0><U+0BC2>.399 <U+0BA4><U+0BBF><U+0B9F><U+0BCD><U+0B9F><U+0BA4><U+0BCD><U+0BA4><U+0BBF><U+0BB2><U+0BCD> <U+0BAE><U+0BBE><U+0BB1><U+0BCD><U+0BB1><U+0BAE><U+0BCD>!
https://t.co/kCWgT3eIIt #Airtel"
"46",1,"#Airtel Rs. 399 #Prepaid Pack Now Offers 1GB Data Per Day for 84 Days: Airtel has upgraded… https://t.co/phIWABdJC1"
"47",0,"#Airtel revises Rs 399 pack again, now offers 84GB data https://t.co/AWGfmUnQ87 https://t.co/e2m0RfBwiF"
"48",0,"#Airtel Rs. 399 #Prepaid Pack Now Offers 1GB Data Per Day for 84 Days: (adsbygoogle =… https://t.co/u47pOSXrse"
"49",0,"#Jio <U+0915><U+0947> <U+091C><U+0935><U+093E><U+092C> <U+092E><U+0947><U+0902> #Airtel <U+0915><U+093E> <U+0928><U+092F><U+093E> <U+0927><U+092E><U+093E><U+0915><U+093E>, 399 <U+0930><U+0941>. <U+092E><U+0947><U+0902> 84GB <U+0921><U+093E><U+091F><U+093E> https://t.co/okRoY43bGm #<U+091F><U+0915><U+0928><U+0932><U+091C> #offer"
"50",0,"#Jio <U+0915><U+0947> <U+091C><U+0935><U+093E><U+092C> <U+092E><U+0947><U+0902> #Airtel <U+0915><U+093E> <U+0928><U+092F><U+093E> <U+0927><U+092E><U+093E><U+0915><U+093E>, 399 <U+0930><U+0941>. <U+092E><U+0947><U+0902> 84GB <U+0921><U+093E><U+091F><U+093E> -
https://t.co/I1KHmK0JBR 
#Offer https://t.co/EEggiLUNWX"
"51",0,"Buy #Airtel #Broadband #Plans in #Chandigarh https://t.co/Z7E82TV3he https://t.co/XKXDByhU7T"
"52",-1,"@PRIYARD UIDAI only shares API with telco’s via which they can authenticate users. Then what software glitch ? #airtel"
"53",-1,"#SHOCKED: #Unseen And #Private #Photos Of #Airtel #Girl #SashaChettri
Read More : https://t.co/VKLrz1pXvk https://t.co/NEbvic9DSg"
"54",0,"@premperspective Dear Airtel customers, Airtel found a new way to develop business by looting customers. Please cro… https://t.co/P9nImLlEAr"
"55",0,"#Airtel <U+0A28><U+0A47> <U+0A06><U+0A2A><U+0A23><U+0A47> <U+0A07><U+0A38> <U+0A2A><U+0A32><U+0A3E><U+0A28> '<U+0A1A> <U+0A15><U+0A40><U+0A24><U+0A3E> <U+0A2C><U+0A26><U+0A32><U+0A3E><U+0A05>, <U+0A2E><U+0A3F><U+0A32><U+0A47><U+0A17><U+0A3E> 84GB <U+0A21><U+0A3E><U+0A1F><U+0A3E> https://t.co/R0Dmr2lFvU
@airtelindia https://t.co/0GBT6g1WV1"
"56",-2,"@AirtelIndia bad customer support. Trying 2 resolve issue since Jan 7. Broadband Account incorrectly billed for Rs.… https://t.co/OY0rAnQB86"
"57",0,"This how @Airtel_Presence respond you on #Twitter #Airtel #airtelsucks @airtelindia https://t.co/fxeXDxQEfl"
"58",0,"Airtel Rs. 399 Prepaid Pack Now Offers 1GB Data Per Day for 84 Days
#india #airtel #relianceJio"
"59",0,"Wynk Music crosses over 75 mn downloads 

https://t.co/xoroRtFEUj

#Technology #Smartphone #Airtel https://t.co/kweDteJwfP"
"60",0,"Wynk Music crosses over 75 mn downloads 

https://t.co/xoroRtFEUj

#Technology #Smartphone #Airtel https://t.co/bNvIzfgos2"
"61",1,"“How To Activate And Subscribe To Airtel 1GB For N500 – Best Data Plan In 2018” https://t.co/SHjOkAa8jf
#HowTo… https://t.co/WV9SVNlsjQ"
"62",1,"#Airtel Rs. 399 #Prepaid Pack Now Offers 1GB Data Per Day for 84 Days: Airtel has upgraded… https://t.co/B5DsZG26na https://t.co/JTESdAI7n9"
"63",0,"<U+090F><U+092F><U+0930><U+091F><U+0947><U+0932> <U+0915><U+0947> <U+0907><U+0938> <U+0911><U+092B><U+0930> <U+0928><U+0947> <U+091C><U+093F><U+092F><U+094B> <U+0915><U+0940> <U+0909><U+0921><U+093C><U+093E><U+0908> <U+0928><U+0940><U+0902><U+0926>, <U+092E><U+093F><U+0932><U+0947><U+0917><U+093E> 28 <U+0917><U+0941><U+0928><U+093E> <U+0905><U+0924><U+093F><U+0930><U+093F><U+0915><U+094D><U+0924> <U+0921><U+0947><U+091F><U+093E>

https://t.co/WomOZBoGD6

#RepublicDay2018… https://t.co/N2uiFPPIYx"
"64",1,"#Airtel Rs. 399 #Prepaid Pack Now Offers 1GB Data Per Day for 84 Days: Airtel has upgraded… https://t.co/B5DsZG26na"
"65",0,"Airtel Sistemi antifurto hi-tech
#Airtel #Sistemiantifurto #QuintodiTreviso https://t.co/xlfkWUpKWo"
"66",0,"Airtel 399 Plan now Offer More Data and Validity
#airtel #Airtel4G #tech #news #technology #smartphones 

https://t.co/MqyMoSRPap"
"67",1,"Entamons la semaine avec des ondes positives grâce à cette citation. <ed><U+00A0><U+00BD><ed><U+00B8><U+0089> #Airtel #Gabon https://t.co/TtZRP6ksik"
"68",-1,"Pathetic service by #Airtel. SIM gets deactivated suddenly, customer care has no clue. All stores closed on Sunday,… https://t.co/S0CZmnSpRE"
"69",1,"Fresh test for #M-Pesa in #Airtel, #Safaricom cash transfer deal https://t.co/f2OEwEE0Ey https://t.co/aD3YIjJz0Y"
"70",0,"#BigNews360 RT Ikesari0001: <U+091C><U+093F><U+092F><U+094B> <U+0915><U+094B> <U+091F><U+0915><U+094D><U+0915><U+0930> <U+0926><U+0947><U+0928><U+0947> <U+0915><U+0947> <U+0932><U+093F><U+090F> <U+090F><U+092F><U+0930><U+091F><U+0947><U+0932> <U+0928><U+0947> <U+0905><U+092A><U+0928><U+0947> <U+0907><U+0938> <U+092A><U+094D><U+0932><U+093E><U+0928> <U+092E><U+0947><U+0902> <U+0915><U+093F><U+092F><U+093E> <U+092C><U+0926><U+0932><U+093E><U+0935>… https://t.co/EyFzh1uWXv"
"71",0,"RT @Ikesari0001: <U+091C><U+093F><U+092F><U+094B> <U+0915><U+094B> <U+091F><U+0915><U+094D><U+0915><U+0930> <U+0926><U+0947><U+0928><U+0947> <U+0915><U+0947> <U+0932><U+093F><U+090F> <U+090F><U+092F><U+0930><U+091F><U+0947><U+0932> <U+0928><U+0947> <U+0905><U+092A><U+0928><U+0947> <U+0907><U+0938> <U+092A><U+094D><U+0932><U+093E><U+0928> <U+092E><U+0947><U+0902> <U+0915><U+093F><U+092F><U+093E> <U+092C><U+0926><U+0932><U+093E><U+0935> https://t.co/iXuYKGUDt1 #Jio #Airtel .@airtelindia https:…"
"72",0,"<U+091C><U+093F><U+092F><U+094B> <U+0915><U+094B> <U+091F><U+0915><U+094D><U+0915><U+0930> <U+0926><U+0947><U+0928><U+0947> <U+0915><U+0947> <U+0932><U+093F><U+090F> <U+090F><U+092F><U+0930><U+091F><U+0947><U+0932> <U+0928><U+0947> <U+0905><U+092A><U+0928><U+0947> <U+0907><U+0938> <U+092A><U+094D><U+0932><U+093E><U+0928> <U+092E><U+0947><U+0902> <U+0915><U+093F><U+092F><U+093E> <U+092C><U+0926><U+0932><U+093E><U+0935> https://t.co/iXuYKGUDt1 #Jio #Airtel .@airtelindia https://t.co/bFvr21ajJk"
"73",0,"Quelle a été votre occupation du weekend ? Nous vous souhaitons une excellente semaine. #Airtel #Congo https://t.co/KhbNOETap8"
"74",-1,"HOW TO RETRIVE YOUR LOST #AIRTEL SIM https://t.co/aPJzaF74m6 #RecentHacks"
"75",0,"Department of Telecom (@DoT_India )has asked Telecom Regulator TRAI to investigate the Mobile Service License condi… https://t.co/DDkbuDxF4g"
"76",-1,"Airtel to face cash flow issues to fund large Capex requirements? https://t.co/KV5UVN5U0E #Airtel #Airtel #telecom"
"77",-1,"DoT has asked #TRAI to investigate license conditions violation by #Airtel, Vodafone and Idea Cellular by playing p… https://t.co/MipAfSHMJZ"
"78",0,"Update: @WynkMusic, the music application from #Airtel India announced that it has crossed 75 million app installat… https://t.co/NbLIV2Upf5"
"79",0,"Wynk Music crosses over 75 mn downloads
@WynkMusic @Airtel_Presence
#WynkMusic #Airtel  #SameerBatra #Tamil… https://t.co/Mcn2I9yVyM"
"80",-2,"@Airtel_Presence unable to make any call in peak hour. How many times should I have to ask you to resolve the issue… https://t.co/VfvTrx0nFa"
"81",0,"#TRAI Do you ever check service quality what #airtel or any other service providers giving??bus bandwidth becho and… https://t.co/x0JUV0Zt0L"
"82",0,"RT @FinancialXpress: #Airtel customer? New data and calling offers have been revealed https://t.co/bSQFwPmyd8"
"83",0,"Airtel <U+0C2A><U+0C4D><U+0C32><U+0C3E><U+0C28><U+0C4D><U+0C32><U+0C32><U+0C4B> <U+0C2E><U+0C3E><U+0C30><U+0C4D><U+0C2A><U+0C41><U+0C32><U+0C41>, <U+0C1C><U+0C3F><U+0C2F><U+0C4B> <U+0C30><U+0C42>.399, <U+0C30><U+0C42>.149<U+0C15><U+0C3F> <U+0C17><U+0C1F><U+0C4D><U+0C1F><U+0C3F> <U+0C2A><U+0C4B><U+0C1F><U+0C40> https://t.co/cbPgATMhrE #news #technology #mobiles… https://t.co/z3JTGod7HW"
"84",0,"Airtel <U+0C2A><U+0C4D><U+0C32><U+0C3E><U+0C28><U+0C4D><U+0C32><U+0C32><U+0C4B> <U+0C2E><U+0C3E><U+0C30><U+0C4D><U+0C2A><U+0C41><U+0C32><U+0C41>, <U+0C1C><U+0C3F><U+0C2F><U+0C4B> <U+0C30><U+0C42>.399, <U+0C30><U+0C42>.149<U+0C15><U+0C3F> <U+0C17><U+0C1F><U+0C4D><U+0C1F><U+0C3F> <U+0C2A><U+0C4B><U+0C1F><U+0C40> https://t.co/kNZNesVJew #news #technology #mobiles… https://t.co/YafkB0NQFo"
"85",1,"RT @Nidhibh28539919: Duniya ka fastest network #Airtel.....
.
Meri aapse hath jod k gujarish h k tumhe agr <U+092A><U+0939><U+093E><U+0921><U+093C><U+094B><U+0902>,<U+092A><U+0930><U+094D><U+0935><U+0924><U+094B><U+0902>,<U+0914><U+0930> <U+091C><U+0902><U+0917><U+0932><U+094B><U+0902> <U+092E><U+0947><U+0902> <U+091C><U+093E>…"
"86",-1,"@Airtel_Presence Facing issues with First time recharge after converting my Airtel number from Postpaid to Prepaid… https://t.co/VC38Lns8LB"
"87",-1,"@airtelindia Facing issues with First time recharge after converting my Airtel number from Postpaid to Prepaid… https://t.co/vJ2PsSi3Vv"
"88",2,"@Airtel_Presence You people are assuring for fair resolution from last 15 days. I don't think you are serious for c… https://t.co/GmJ70Qf7Pf"
"89",0,"#TechNews #Airtel revises Rs 149, Rs 399 prepaid plans to offer extra validity, 1GB data daily
#Prepaid #Airtel4G… https://t.co/XeKLy9a0Wx"
"90",-1,"Fuck bharti Airtel customer care not resolved my problems
#Airtel  #Airtel4G"
"91",-3,"@Airtel_Presence #Airtel broadband service is worst service I am using 15 complaints in a row for same problem ever… https://t.co/p61DjNGTJ3"
"92",0,"#Airtel revises Rs 149, Rs 399 prepaid plans to offer extra validity, 1GB data daily
#Prepaid #Airtel4G… https://t.co/GYDLxg1uJT"
"93",0,"@DanishKh4n Everyday is holiday at #airtel. Just tell them you are interested in a new postpaid connection and then… https://t.co/m0z3javTXg"
"94",0,"RT @pateldipesh: #Airtel postpaid plans now offers rental discounts for six months. https://t.co/67tf0odGBl"
"95",0,"The world's most shittiest network is @airtelindia. There are 2 mobile towers around my house and I still don't get… https://t.co/0PnvXzJTb7"
"96",-1,"@Airtel_Presence - Would you even bother to take a look at this? Or should I look at an alternative service provide… https://t.co/WjO8ZCqUdO"
"97",1,"RT @News18Bengali: #Airtel revises Rs 149 prepaid plan with unlimited calls, 1GB data for 28 days
https://t.co/QnH6xGUAE8"
"98",0,"was looking for #Broadband in #dwarka. filled contact form for @excitel_rocks &amp; @airtelindia. #Airtel called back i… https://t.co/A8NyjxrYuD"
"99",0,"Channels not present on #AirtelTV #TimesNow #TimesNowHD #StarSports #StarSportsSelectHD #NewsX other paid channels… https://t.co/CA86JnNdzC"
"100",0,"#Airtel #airtel4g #airtelmoney #airteltv"
"101",1,"#Airtel revises Rs 149 prepaid plan with unlimited calls, 1GB data for 28 days
https://t.co/QnH6xGUAE8"
"102",2,"We have successfully arranged #event for a number of #topbrands like #Hike, #Intel, #HDFCBank, #BSNL, #Airtel,… https://t.co/UX6HEFvGmg"
"103",0,"Is #Airtel internet down today? @airtelindia"
"104",-2,"Dear #Airtel! Don’t blame me! Blame the network! <ed><U+00A0><U+00BD><ed><U+00B8><U+009D> I’m attempting to pay the bill https://t.co/Gdf13U0ewp"
"105",-1,"Another joke from #Airtel #AirtelIndia yesterday received the call that we have reset the network for u or somethin… https://t.co/r6nW0X2eaV"
"106",0,"RT @expresstechie: #RelianceJio vs #Airtel: Rs 149 prepaid recharge plan compared
https://t.co/GaMACiJL52"
"107",-1,"@airtelindia Jio giving such tough competition that you are resorting to fake bills to extort money from customers?… https://t.co/3675USvb0v"
"108",0,"#Airtel customer? New data and calling offers have been revealed https://t.co/bSQFwPmyd8"
"109",-1,"Worst network airtel 4g in noida. #Airtel #Airtel4g"
"110",-1,"My airtel app and USSD both are failed in providing real time update on data consumption. @airtelindia… https://t.co/y16mhPRdOy"
"111",2,"@mmbharti @Airtel_Presence well you are right upto extents.Frustration is synonym of #airtel"
"112",0,"#RelianceJio vs #Airtel: Rs 149 prepaid recharge plan compared
https://t.co/GaMACiJL52"
"113",-1,"In an era of #digitalisation #connectivity #highspeed #wifi #4G #telecom struggling in all fronts. #calldrop has be… https://t.co/tujQWcDJQO"
"114",0,"RT @shashi6454: #Airtel-Run-O-than @amarbauri @cmojhr @dasraghubar https://t.co/WIRZYuPUIf"
"115",-1,"@Airtel_Presence DTH charged me &amp; neighbors INR 150 for a technician visit that was due to a common network issue.… https://t.co/Byp6sFSTPl"
"116",0,"RT @expresstechie: #Airtel Rs 149 prepaid plan revised: Here's what has changed
https://t.co/yiCFZZABU5"
"117",1,"@gopalvittal @Airtel_Presence @airtelindia @MukeshAmbaniJio @VodafoneIN Do u need years to upgrade. #jio #Vodafone… https://t.co/QsMKQb85Oj"
"118",0,"#Airtel Rs 149 prepaid plan revised: Here's what has changed
https://t.co/yiCFZZABU5"
"119",1,"@Airtel_Presence Finally u reply! I cud hav DM'd this,but this is better. Q-how come #airtel is now able to provide… https://t.co/oTiFpT3rtI"
"120",-1,"@airtelindia @Airtel_Presence #Airtel Very bad costumer service when u clear my network issue reference no : 82578458"
"121",1,"This is how Airtel works in Hyderabad #opennetwork #Airtel #4Gspeed https://t.co/45GeN0EOBR"
"122",-1,"@DoT_India Pls refer the cabinet secretariat complaint DPG/T/2017/82113 which is pertaining to frequent BTS outage… https://t.co/xJDDBGzUPN"
"123",-1,"#Airtel In last 3 days I have lost more then Rs.150 every day I found your new service activated automatically."
"124",-2,"What the hell is this going... 1st #Vodafone ,the useless network at my room...and now the the largest telecom of i… https://t.co/qgCEO6ijxO"
"125",0,"#Airtel  I am really frusted your service activations https://t.co/HqzoJfPNGT"
"126",-3,"#Airtel seems to be going from bad to worse, absolutely no signal in noida area and if you complain they say we hav… https://t.co/1Da5t8mt7l"
"127",0,"RT @Airtel_GA: As-tu fait une grasse matinée aujourd'hui ? <ed><U+00A0><U+00BD><ed><U+00B8><U+0084>
Excellent repos dominical. #Airtel #Gabon https://t.co/1aGTeUQcmy"
"128",-1,"@airtelindia  NO INTERNET! I'm wasting my time on your App and #121 for 3 hours! #Airtel has #monopoly on my colony… https://t.co/wXdlFOfNjG"
"129",1,"@mathewmancha #airtel #broadband is down in bangalore as well"
"130",0,"RT @Bill_Ams: @MonsieurCey Je pense aussi qu’avant toute éducation en matière d’Internet, il faudrait que @MTN_123 #Airtel baissent les pri…"
"131",0,"@MonsieurCey Je pense aussi qu’avant toute éducation en matière d’Internet, il faudrait que @MTN_123 #Airtel baisse… https://t.co/YG6lsbiBGq"
"132",-1,"@airtelindia @Airtel_Presence Waiting for the last 72 hrs to get my replaced sim card activated. No help from 121.… https://t.co/xyTo2hJ3lv"
"133",0,"I have heard of power outage, but it is not everyday that you hear about broadband outage?? What happened?? #Airtel… https://t.co/eAlyT9BdnJ"
"134",-1,"@Airtel_Presence Anamika

#AirTel BB network down in 560075, Sadashivnagar area of #Bengaluru.

Much frustration."
"135",0,"#airtel"
"136",0,"#airtel #hotspot #hotspots #4g #4glte #jio #mobile #internet #dongle #dongles @ IIT Kanpur https://t.co/YpvKPDej0u"
"137",0,"GIGA POMBA ! Bénéficiez de plus de volume d'internet au même prix avec plus de temps de connexion. N'attendez plus,… https://t.co/lEdmJLXvTY"
"138",0,"@PRIYARD @Airtel_Presence @airtelindia @UIDAI Did they told you the numbers and name of those #airtel connections ?… https://t.co/B9LkrxnaZa"
"139",2,"#Airtel #Malawi launches 4G network for faster and better data connectivity https://t.co/gv1pXhDALc"
"140",0,"Félicitations aux Diables Rouges qui sont directement qualifiés en quarts de finale suite à leur victoire 2-0 face… https://t.co/eAHiiSIMdn"
"141",-1,"Are my tweet ignoring or just not a single  person on #Airtel to acknowledging my previous tweet about my issues. Thanks @airtelindia"
"142",-1,"@airtelindia  Please play #Airtel 4G challenging add now. I am waiting.... BSNL 2G is much more better than ur's."
"143",1,"@Airtel_Presence not happy with the customer care service.... need help on my bill explanation #poorservice #airtel"
"144",-1,"@airtelindia @Airtel_Presence .
This is what you get from @airtelindia  even after continuously complaining them fo… https://t.co/pptvnZmTK4"
"145",0,"@Airtel_Presence this is the network speed of #airtel4g #Shameless #Airtel. Please upgrade the network asap. https://t.co/hCsu8WN0wh"
"146",1,"Fresh test for M-Pesa in #cash transfers with Airtel  https://t.co/ArUiR7JJCT via @BD_Africa #mpesa #mobile #money #airtel"
"147",-1,"2/2 jisme ap pure 3 din 4g speed prapt karte hain, or baaki ke 81 din #Airtel apko paresan karta hai.
Agar aap koi… https://t.co/QK9qXNxde4"
"148",-1,"RT @DasSubhendu16: This is what we get always as #Airtel user. 
@Airtel_Presence @airtelindia 
It's sickening !! https://t.co/d9Tiv6d049"
"149",0,"1/2 #Airtel...Bharat ki sabse haramkhor company me apka swagat hai,
Ab ap apne pese ki barbadi, mentally torcher or… https://t.co/9prG7wYMqc"
"150",0,"RT @MuntazirAbbas: Bharti Airtel acquires Econet’s 4.2% stake in Airtel Nigeria | #ETTelecom  https://t.co/x0pK4Xl89F #Airtel #Econet #Nige…"
"151",3,"A super fast smartphone needs a super fast network. So I've chosen AIRTEL... which was a disappointing move by me.… https://t.co/sufQzzxjW1"
"152",1,"@Airtel_Presence fastest network for a reason will be porting any suggestions?? #airtel https://t.co/uWj6GYUNnP"
"153",-1,"Time to leave #airtel 
Men you sucks"
"154",0,"@Airtel_Presence #Airtel ke BOT ji, aapki reply ke liye mera number kab aayega. Aap pahle bina padhe aur bina samaj… https://t.co/hhnvGMrAF3"
"155",0,"@Airtel_Presence @airtelindia @amazonIN 

#AirtelTV app not showing #AmazonPrime offer but I get daily sms from… https://t.co/nKTc437cMc"
"156",-1,"This is what we get always as #Airtel user. 
@Airtel_Presence @airtelindia 
It's sickening !! https://t.co/d9Tiv6d049"
"157",1,"Sometime changes improves quality #Jio  to #Airtel ."
"158",0,"RT @Taniyamakkar: When we choose a mobile network, do we check whether #Airtel or #Vodafone belong to a particular #Caste?

No, we simply c…"
"159",1,"#Airtel Your Payment Bank operations required improvement, i am not able to use my money in airtel bank due to bank… https://t.co/8DXQI6CbcQ"
"160",0,"Envoie par sms Coran ou Bible au 555 ou compose *555# et reçois directement sur ton mobile des enseignements sur ta… https://t.co/nghVRhZjED"
"161",0,"@Airtel_Presence I don't know, of which number you are talking about. I use these two #airtel no. 8542038695 and 8009066687"
"162",0,"RT @maalaimalar: <U+0B8F><U+0BB0><U+0BCD><U+0B9F><U+0BC6><U+0BB2><U+0BCD> <U+0BB0><U+0BC2>.149: <U+0BAA><U+0BB4><U+0BC8><U+0BAF> <U+0B9A><U+0BB2><U+0BC1><U+0B95><U+0BC8> <U+0B86><U+0BA9><U+0BBE><U+0BB2><U+0BCD> <U+0BAA><U+0BC1><U+0BA4><U+0BBF><U+0BAF> <U+0BA8><U+0BA9><U+0BCD><U+0BAE><U+0BC8>

#Airtel #RelianceJio #Offers https://t.co/DmibDcCdZl"
"163",1,"RT @expresstechie: #Airtel revises Rs 149 prepaid plan with unlimited calls, 1GB data for 28 days
https://t.co/yiCFZZABU5"
"164",0,"<U+0B8F><U+0BB0><U+0BCD><U+0B9F><U+0BC6><U+0BB2><U+0BCD> <U+0BB0><U+0BC2>.149: <U+0BAA><U+0BB4><U+0BC8><U+0BAF> <U+0B9A><U+0BB2><U+0BC1><U+0B95><U+0BC8> <U+0B86><U+0BA9><U+0BBE><U+0BB2><U+0BCD> <U+0BAA><U+0BC1><U+0BA4><U+0BBF><U+0BAF> <U+0BA8><U+0BA9><U+0BCD><U+0BAE><U+0BC8>

#Airtel #RelianceJio #Offers https://t.co/DmibDcCdZl"
"165",0,"@DanishKh4n @Airtel_Presence #Airtel has a sleeper cell in their social media office"
"166",0,"When we choose a mobile network, do we check whether #Airtel or #Vodafone belong to a particular #Caste?

No, we si… https://t.co/6M5C34tKck"
"167",-1,"@motorolaindia @amazonIN Avoid buying Motorola devices ... They don't provide software bug fixes. You won't get fix… https://t.co/W0uR5a7iBS"
"168",1,"#Airtel revises Rs 149 prepaid plan with unlimited calls, 1GB data for 28 days
https://t.co/yiCFZZABU5"
"169",0,"#Airtel tries to stop new players to enter #telecommarket 
https://t.co/vucjRMZEUF"
"170",-2,"Awfully slow speed for 4G network #airtel #internet #airtelphone #patheticservice"
"171",0,"<U+091C><U+093F><U+092F><U+094B> <U+0928><U+0947> <U+090F><U+092F><U+0930><U+091F><U+0947><U+0932> <U+0935><U+094B><U+0921><U+093E><U+092B><U+094B><U+0928> <U+0915><U+094B> <U+0926><U+0940> <U+0915><U+0921><U+093C><U+0940> <U+091F><U+0915><U+094D><U+0915><U+0930>, <U+0907><U+0924><U+0928><U+0947> <U+092E><U+0947><U+0902> <U+0926><U+0947> <U+0930><U+0939><U+093E> <U+0905><U+0928><U+0932><U+093F><U+092E><U+093F><U+091F><U+0947><U+0921> <U+0921><U+093E><U+091F><U+093E> <U+0914><U+0930> <U+0915><U+093E><U+0932><U+093F><U+0902><U+0917>
#Jio #Vodafone #Airtel #Idea... https://t.co/j5EXZY9Nel"
"172",1,"Duniya ka fastest network #Airtel.....
.
Meri aapse hath jod k gujarish h k tumhe agr <U+092A><U+0939><U+093E><U+0921><U+093C><U+094B><U+0902>,<U+092A><U+0930><U+094D><U+0935><U+0924><U+094B><U+0902>,<U+0914><U+0930> <U+091C><U+0902><U+0917><U+0932><U+094B><U+0902> <U+092E><U+0947><U+0902>… https://t.co/uZJLw2pVlv"
"173",-1,"@Airtel_Presence #Airtel #airtel4g still no update from ur end.. are u guys working on this issue or ur reply was just a formality..?"
"174",-1,"@Airtel_Presence Once again #Airtel proved why they ate just money looters and company of goons. Provided me faulty… https://t.co/0tbNOvgXpz"
"175",0,"@Airtel_Presence @airtelindia #Airtel #Aadhaar #Telecom New feature request in ur Airtel mobile app: List all the m… https://t.co/hBDev7OilY"
"176",0,"<U+09E7><U+09EA><U+09EF><U+099F><U+09BE><U+0995><U+09BE><U+09AF><U+09BC> <U+09A6><U+09C1><U+09B0><U+09CD><U+09A6><U+09BE><U+09A8><U+09CD><U+09A4> <U+0985><U+09AB><U+09BE><U+09B0> <U+09A6><U+09BF><U+099A><U+09CD><U+099B><U+09C7> <U+098F><U+09AF><U+09BC><U+09BE><U+09B0><U+099F><U+09C7><U+09B2>
https://t.co/RbOvDICkki
#Airtel #Kolkata24x7 #BengaliNews #KolkataNews https://t.co/7dOqnxuDuP"
"177",-1,"@airtelindia @Airtel_Presence 
Poor net connectivity ,3rd class service.
#Airtel #4G #mumbai #Badlapur
Please do so… https://t.co/yEvpckV6dL"
"178",1,"#Reliance #JiO #lover <ed><U+00A0><U+00BD><ed><U+00B8><U+0082><ed><U+00A0><U+00BD><ed><U+00B8><U+0082>#airtel #phone https://t.co/VO01TsXG3k"
"179",0,"So, the only way I can use #Airtel internet is after installing VPN 
<ed><U+00A0><U+00BD><ed><U+00B8><U+00A1><ed><U+00A0><U+00BD><ed><U+00B8><U+00A1><ed><U+00A0><U+00BD><ed><U+00B8><U+00A1>"
"180",1,"Excellent repos dominical. #Airtel #rdc https://t.co/OReIq2PTHP"
"181",0,"Abonne-toi à notre chaîne YouTube et ne rate plus aucune de nos vidéos. 
Par ici <U+27A1><U+FE0F>  https://t.co/HGv02e3j4h… https://t.co/KMDDYQaJZ3"
"182",0,"As-tu fait une grasse matinée aujourd'hui ? <ed><U+00A0><U+00BD><ed><U+00B8><U+0084>
Excellent repos dominical. #Airtel #Gabon https://t.co/1aGTeUQcmy"
"183",0,"@Airtel_Presence What's the update? Are you suggesting not to port to #Airtel given your response time is so long!"
"184",0,"Very worst  network #Airtel again don't tell India's no 1 network.... Vodafone it's best"
"185",-2,"@airtelindia Very Bad service...I have given a complaint for data not working.....But your people are busy telling… https://t.co/MWmpeAHGVf"
"186",0,"@Airtel_Presence @airtelindia convenient way to pass buck...i got call from ur network team 4 times still problem i… https://t.co/jRkTxLOO4n"
"187",0,"Dekho dekho ye hai halwa @Airtel_Presence @airtelindia 

#No4G,3GONLY2G
#Airtel https://t.co/ukC74dbhas"
"188",0,"<U+090F><U+092F><U+0930><U+091F><U+0947><U+0932> <U+0928><U+0947> <U+0905><U+092A><U+0928><U+0947> 149 <U+0930><U+0941><U+092A><U+092F><U+0947> <U+0915><U+0947> <U+092A><U+094D><U+0932><U+093E><U+0928> <U+092E><U+0947><U+0902> <U+092C><U+0921><U+093C><U+093E> <U+092C><U+0926><U+0932><U+093E><U+0935> <U+0915><U+093F><U+092F><U+093E> <U+0939><U+0948><U+0964> 
#Airtel 
https://t.co/6rD3aDvq3a"
"189",0,"#Airtel #TelecommunicationsServices What a service offering by Airtel, I am getting 4MBPS speed over my broadband w… https://t.co/Ccwo0xoD8c"
"190",0,"2/2 To speak to your customer care is https://t.co/55wIxtBtvd need to solve my problem.This is pure loot and not do… https://t.co/adHyhndik1"
"191",0,"#Airtel tries to stop new players to enter #telecommarket
 https://t.co/LsGJawkZM1
#ARaja #jIo #RelianceJio… https://t.co/0cZMbPLfxi"
"192",-1,"@manojsinhabjp Sir... Whenever I open #Airtel data it blocks my SIM 2...its violation of my freedom...kindly help..thanx"
"193",-1,"#Raja accuses #Airtel for conspiring against him to stop new players from entering market"
"194",1,"@romeomustlivee @VodafoneIN Switch to #Airtel. It’s definitely a better network."
"195",2,"@airtelindia This means you are giving already free to air channels only for free till June 2018. #airtel #airtelTV"
"196",-1,"#governmentofindia #Ministry_of_Communication add for @_DigitalIndia but the mobile network is still worst.. forgot… https://t.co/g6V1ekyiSJ"
"197",0,"@_DigitalIndia @VodafoneIN @airtelindia @TRAI @narendramodi @vijayrupanibjp @Nitinbhai_Patel… https://t.co/JarhrOwIla"
"198",-1,"#Airtel my number 7568835599 port from Vodafone to Airtel but now my sim is inactive from 4 days no response from Airtel store #bhartiairtel"
"199",-1,"Really very bad experience of #airtel network.. @airtelindia https://t.co/MST2MG83Pt"
"200",-2,"@airtelindia @airtelnews @Airtel_Presence @TRAI 10000000% worst service of #airtel network problem in my house and… https://t.co/6aRb65q3dj"
"201",1,"@PRIYARD @Airtel_Presence @airtelindia @UIDAI @Airtel_Presence Better sort this out and stop harassing customers to… https://t.co/WYR4ZVvybi"
"202",0,"#AirtelTV don’t offers #Colors &amp; #StarSports whereas #JioTV offers both these channels in HD. In fact they offer mo… https://t.co/XwLQnb3lcG"
"203",-1,"#Airtel Very disappointing my airtel app performance. First it took 30-40 times to read otp to get registered and n… https://t.co/YdenjDDzC8"
"204",-1,"MNP to #Airtel can render your number useless as you won't be able to recharge. Experiencing it @Airtel_Presence . Be careful."
"205",2,"#reliance #reliancejio #Jio #Airtel  Sometimes I feel I was right about Airtel at 299rs.
Now more confident of that… https://t.co/Zin9mNAo0x"
"206",1,"Something that made my day today. And think you to choose your operator wisely. 

One of my friend had mailed this… https://t.co/w4Kceo5HLC"
"207",0,"RT @soliddivya: @Airtel_Presence @airtelindia from the past 15 days #airtel #dth is unable to give proper broadcast. Is this the service fo…"
"208",0,"@Airtel_Presence I'm going to switch to a different provider. After 10+ years as a loyal customer, you're losing me… https://t.co/qH48B8gkzN"
"209",2,"@viveklkw @BSNL_UPE @BSNLCorporate @CMDBSNL @TRAI @OfficeOfRSP @manojsinhabjp @PMOIndia Well said bhai shahb well s… https://t.co/5CosIj52Np"
"210",-1,"@airtelindia @Airtel_Presence Hi, how to port my number from #Airtel to other carriers,facing connectivity issues f… https://t.co/UIoV6sMtpn"
"211",0,"https://t.co/WDG88bbW4b #Airtel"
"212",0,"#Airtel"
"213",-1,"This is so confusing that #Airtel disconnected my broadband saying ""I requested"" them to do so on Jan 11. Interesti… https://t.co/5imNqKvUO9"
"214",-1,"#Airtel ibaadat subscribers give a missed call on 9109121115 &amp; get ibaadat  on Channel no. 621 at Rs.39. https://t.co/7v9MY92z8l"
"215",0,"#Airtel postpaid plans now offers rental discounts for six months. https://t.co/67tf0odGBl"
"216",-1,"@Airtel_Presence i contact to d custmr cre dey said chnge ur sim may be ur sim is damaged so i chnged my sim nd the… https://t.co/tKQ1rPfW31"
"217",0,"RT @rohitgoel7: Most common word after picking the phone is ""hello"" and the next is ""network nhi aa rha"" #21st century #Airtel #vodafone"
"218",0,"Dear #Airtel could you please check, why I have charged unnecessarily, last night I have got message for activation… https://t.co/Cn0D3amac1"
"219",0,"[37.] #Airtel #Ranothon #Ranchi #MorabadiGround https://t.co/mO32v8H2qC"
"220",1,"RT @shashi6454: #Airtel-Run-O-than Awards @airtelindia @amarbauri @cmojhr @dasraghubar https://t.co/RjIZ3jZGzQ"
"221",0,"RT @shashi6454: #Airtel-Run-O-than lovely crowd.. waiting for announcements of Results @amarbauri @WeAreRanchi @DC_Ranchi @Airtel_Presence…"
"222",0,"#Airtel-Run-O-than lovely crowd.. waiting for announcements of Results @amarbauri @WeAreRanchi @DC_Ranchi… https://t.co/2e393ExefN"
"223",1,"#Airtel-Run-O-than Awards @airtelindia @amarbauri @cmojhr @dasraghubar https://t.co/RjIZ3jZGzQ"
"224",0,"#Airtel-Run-O-than @amarbauri @cmojhr @dasraghubar https://t.co/WIRZYuPUIf"
"225",-1,"@Airtel_Presence @airtelindia #airtel postpaid plans are a cheating  . Compare their prepaid plans and decide when… https://t.co/MPaZoRLpgK"
"226",-1,"@Airtel_Presence No call.......... no signal .........no anyone connectivity internet........ worst type .....###Airtel Network ###"
"227",-1,"@airtelindia 
No call.......... no signal .........no anyone connectivity internet........ worst type .....###Airtel Network ###"
"228",-1,"No call.......... no signal .........no anyone connectivity internet........ worst type .....###Airtel Network ###"
"229",-1,"@Airtel_Presence 
No call.......... no signal .........no anyone connectivity internet........ worst type .....###Airtel Network ###"
"230",0,"How to port your sim from one service provider to another https://t.co/CXTgfP1weU #9Mobile #Airtel #glo https://t.co/OEM1kVOmX3"
"231",-1,"Hello @Airtel_Presence You should not launch case against JIO instead ppl using #Airtel should launch complaint aga… https://t.co/BPnEPUb454"
"232",0,"#Airtel-Run-O-Than @Ranchi waving Start https://t.co/WwMQjp9Qjm"
"233",-1,"@Airtel_Presence @DoT_India @TRAI 
Again the same problem 2 packs of <U+20B9>9 auto-renewed today. Even I told customer ex… https://t.co/ovM2CsOQNw"
"234",2,"#airtelteranetwork <ed><U+00A0><U+00BD><ed><U+00B8><U+00A0><ed><U+00A0><U+00BD><ed><U+00B8><U+00A0> the worst internet service ever. 4Gworks like 2G....I wonder what 2G would be like. Finally a… https://t.co/FnUVamPFSg"
"235",0,"Dear @AirtelNigeria abeg na, today is my birthday and there has not been data network on my phone since 4pm, you kn… https://t.co/3psPEqP3hZ"
"236",0,"@ThePrintIndia @ceo_uidai @ShekharGupta @RuhiTewari #ShashiArora #GopalVittal #AirtelPaymentsBank #Aadhaar #UIDAI… https://t.co/Ppr938GARj"
"237",0,"Do Malawian mobile service providers really have this 4.5 thing? Come on #tnm #airtel, you kidding us big time. ..a… https://t.co/u1lMOvGY7e"
"238",0,"After 9 years I switched from @VodafoneIN today. Because of untrained staff in call centers and outdated systems,… https://t.co/TUN7EIUIn1"
"239",-2,"@LutherRahul @Airtel_Presence @airtelindia @airtelccare True, we should port out. Pathetic service by a mediocre company.
#airtel"
"240",0,"YoY in #india #Bharti #Airtel
Subscribers <U+2191>8.1%
#mobile #data traffic <U+2191>460%
Profit <U+2193>39.3%
Revenue <U+2193>12.9%
blame it o… https://t.co/8tdL5hZtWE"
"241",0,"GIGA POMBA ! Bénéficiez de plus de volume d'internet au même prix avec plus de temps de connexion. N'attendez plus,… https://t.co/3hpl5OAWYq"
"242",1,"I was enjoying around 17 to 18 mbps speed of broadband when i was in kerala with asianet broadband but here in fari… https://t.co/tfw35n8xZK"
"243",1,"@AIRTEL_KE Once you were the best but now it seems we have to learn how to manage without #Airtel"
"244",0,"<ed><U+00A0><U+00BD><ed><U+00B4><U+00A5>High Data 4G plan with No FUP<ed><U+00A0><U+00BD><ed><U+00B4><U+00A5> #Jio #RelianceJio #Jio4G #Airtel #Airtel4G
https://t.co/zyP2D7WgDK"
"245",0,"Switched from Airtel postpaid to prepaid and no incoming outgoing since 19th 6 pm. With 4-5 customer service call a… https://t.co/3a7rmliQxJ"
"246",-1,"#Airtel was literally charging hefty money for users now he is running for money. https://t.co/uPsBPUrwYo"
"247",0,"#TRAI <U+0915><U+094B> <U+092A><U+0939><U+0932><U+0947> <U+091C><U+092E><U+0940><U+0928> <U+092A><U+0930> <U+0905><U+091A><U+094D><U+091B><U+093E> <U+0928><U+0947><U+091F><U+0935><U+0930><U+094D><U+0915> <U+0926><U+0947><U+0928><U+093E> <U+091A><U+093E><U+0939><U+093F><U+090F>, <U+0906><U+0938><U+092E><U+093E><U+0928> <U+092E><U+0947><U+0902> <U+092C><U+093E><U+0926> <U+092E><U+0947><U+0902> <U+092D><U+0940> <U+092E><U+093F><U+0932> <U+0938><U+0915><U+0924><U+093E> <U+0939><U+0948>. #DigitalIndia <U+0915><U+0939><U+0924><U+0947> <U+0939><U+0948><U+0902> <U+0914><U+0930> NCR (No… https://t.co/FLIkZMj6fS"
"248",0,"RT @gogiinc: Karbonn Titanium Jumbo 2GB RAM, 4000 mAh battery for Rs. 2,999 https://t.co/b1C0tFX2FC via #karbonn #airtel"
"249",-1,"https://t.co/uZPbNDax1K
@Airtel_Presence @airtelindia 
#CallEnded #Airtel #Fix #4G #Howto #NoOutgoingCalls #error"
"250",0,"@ETNOWlive your sound of the channel is very less on @Airtel_Presence channel 381 #Airtel #DigitalTv https://t.co/sogHTVdtkR"
"251",1,"@airtel can you please explain me what are restrictions on roaming in airtel unlimited 1 Gb/ day plans ? #airtel is… https://t.co/kMI27WwVgB"
"252",0,"@Airtel_Presence #Airtel"
"253",0,"@Airtel_Presence @VodafoneIN Hi #Airtel! I want to come your network. #Airtel can you tell me how to come your netw… https://t.co/xDADcR5NcE"
"254",0,"Reste connecté avec tes amis de 00h au petit matin en souscrivant au forfait #AirtelNuit à 400F seulement. C'est si… https://t.co/bVA0E8aoFt"
"255",0,"#Airtel4G poor service. #Airtel  4G speed is like 2G."
"256",0,"No Service still @VodafoneIN what to do? #vodafonein #airtel #jio https://t.co/IyCQgxp5rB"
"257",-1,"@VodafoneIN Why do you call me? 100% time your call is a waste of time because all you do is to say, ""we will raise… https://t.co/Kc7FdcTY5w"
"258",0,"Most common word after picking the phone is ""hello"" and the next is ""network nhi aa rha"" #21st century #Airtel #vodafone"
"259",-3,"#Airtel Turning worst network carrier. #Call drops and #Slowest internet speed and #connectivity issues increasing… https://t.co/MfKDdBiIck"
"260",-1,"Nous sommes de tout coeur avec les Diables rouges qui vont affronter l'équipe du Burkina ce soir à 20H30.
Allez les… https://t.co/YVAiJ99XOx"
"261",0,"What would be the 4g plans, if #Jio did not come? #Airtel #Vodafone"
"262",1,"@Airtel_Presence I have a question/query regarding #Airtel. Kindly somebody acknowledge."
"263",1,"@idea_cares  #Vodafone Connect, #Airtel Mitra #aircel OneAct running  smoothly on my @OreoOnMiA1.why #ideaeCaf crea… https://t.co/WlDzLp6P1s"
"264",1,"@JioCare Jebin sir #Vodafone Connect, #Airtel Mitra #aircel OneAct running smoothly on my @OreoOnMiA1.why JIO pos c… https://t.co/skN5rcA55L"
"265",0,"#ConnectingAfrica: #Airtel reported revenues of $783 million, up by 5% from a year earlier, and grew its #African c… https://t.co/56SFBPlLCg"
"266",1,"To understand how NSA is tracking an individual, top directors refer to “whole life” strategy to their targets by i… https://t.co/orcBV7Rvn2"
"267",0,"The end of 2G internet subscription in India! https://t.co/L8BbeVZpQu by @tanazacloud #wifiindia #wirelessbroadband… https://t.co/Xx0DizrJh5"
"268",0,"@VodafoneIN Is @VodafoneIN shutting down services in the city of #Bangalore. Nothing happen yet for my network issu… https://t.co/iY6DykNVft"
"269",0,"Réglez vos factures d'eau et d'électricité pour les compteurs Edan classiques directement sur votre mobile<ed><U+00A0><U+00BD><ed><U+00B3><U+00B1> sans vo… https://t.co/BK7iLtiMyz"
"270",0,"<U+092E><U+094B><U+0926><U+0940> <U+0938><U+0930><U+0915><U+093E><U+0930> <U+0915><U+093E> <U+090F><U+0915> <U+092B><U+0948><U+0938><U+0932><U+093E> <U+0914><U+0930> Jio <U+0928><U+0947> <U+0915><U+092E><U+093E> <U+0932><U+093F><U+090F> 500 <U+0915><U+0930><U+094B><U+0921><U+093C> 
https://t.co/mtF50F9nFH
<U+092A><U+0922><U+093C><U+0947><U+0902> <U+0914><U+0930> <U+0938><U+092E><U+091D><U+0947> <U+0915><U+093F> <U+0915><U+0948><U+0938><U+0947> <U+091A><U+094C><U+0915><U+0940><U+0926><U+093E><U+0930> <U+0905><U+092A><U+0928><U+0947> <U+092E><U+093E><U+0932><U+093F>… https://t.co/I6eQQyWzVW"
"271",0,"The F*cking network of India is @Airtel_Presence ...#Airtel"
"272",-1,"Guys don’t ever use @Airtel_presence.
They’ve got worst network,worst service &amp; upon all they bill you something ex… https://t.co/A8fADhtRe2"
"273",1,"RT @LutherRahul: Pay for 4G. Get 3G. That's ""India's fastest internet""! #Airtelisuseless #Airtel @airtel_presence @airtelindia @airtelccare…"
"274",-1,"Worst service seen in jiofy dongle once the initial offer period is over. Should i switch back to #vodafone or… https://t.co/JQoOyqj28F"
"275",0,"I took an #Airtel connection about 20 years ago when it was launched. Today, the company is not able to resolve my… https://t.co/VgQBzEA0ys"
"276",2,"Monopoly wins in Industries where you have Govt. support &amp; deep pockets. 

#RelianceJio #Money #Monopoly #Profit… https://t.co/jSCT7dxVzE"
"277",-1,"#Airtel #airtelmoney #airtelBank #AirtelPaymentBank
Fraud cheater. Never use airtel payment bank. As you can't trac… https://t.co/W44OmHNQw3"
"278",1,"If you are an @airtelindia Post Paid user (499+ plan) grab your FREE 1 Year @amazonIN #AmazonPrime subscription ! #Airtel"
"279",0,"Airtel Network sucks..
4g <U+0915><U+0947> <U+0928><U+093E><U+092E> <U+092A><U+0930> <U+092C><U+0947><U+0935><U+0915><U+0942><U+092B> <U+092C><U+0928><U+093E> <U+0930><U+0939><U+0947> <U+0939><U+0948><U+0902> <U+092F><U+0947> <U+0932><U+094B><U+0917>...<ed><U+00A0><U+00BD><ed><U+00B8><U+00A4><ed><U+00A0><U+00BD><ed><U+00B8><U+00A4><ed><U+00A0><U+00BD><ed><U+00B8><U+00A4> #Airtel #Airtel4G https://t.co/LAULyaJNik"
"280",1,"@airtelindia @Airtel_Presence - Tomorrow is my Birthday and you gave me the GIFT by suspending my number. #remarkable #airtel"
"281",0,"@OlsPallavi @Airtel_Presence @DoT_India @TRAI @manojsinhabjp @reliancejio Exactly..  now they asked me to provide m… https://t.co/6ran9IjPUI"
"282",0,"@Ringer_Alarm @Airtel_Presence @DoT_India @TRAI @manojsinhabjp Been through this.. I finally switched to… https://t.co/C9TlLjPio0"
"283",0,"<U+0B9F><U+0BBF><U+0B9F><U+0BBF><U+0B8E><U+0B9A><U+0BCD> <U+0BA8><U+0BBF><U+0BB1><U+0BC1><U+0BB5><U+0BA9><U+0BA4><U+0BCD><U+0BA4><U+0BBF><U+0BA9><U+0BCD> 25% <U+0BAA><U+0B99><U+0BCD><U+0B95><U+0BC1><U+0B95><U+0BB3><U+0BC8> <U+0BA8><U+0BC6><U+0B9F><U+0BCD><U+0B9F><U+0BBF><U+0BB3><U+0BCD> <U+0B87><U+0BA9><U+0BCD><U+0B83><U+0BAA><U+0BCD><U+0BB0><U+0BBE><U+0BB5><U+0BBF><U+0BB1><U+0BCD><U+0B95><U+0BC1> <U+0B85><U+0BB3><U+0BBF><U+0B95><U+0BCD><U+0B95><U+0BC1><U+0BAE><U+0BCD> <U+0BAA><U+0BBE><U+0BB0><U+0BCD><U+0BA4><U+0BBF> <U+0B8F><U+0BB0><U+0BCD><U+0B9F><U+0BC6><U+0BB2><U+0BCD>!
https://t.co/FDpfdN1cbt
#Airtel #DTH"
"284",0,"RT @DonFizzy_1: #SaveAdedipupo #SaveAdedipupo #SaveAdedipupo #SaveAdedipupo #airtel https://t.co/PxP8TnMPZm"
"285",0,"Profite du week-end pour bien te reposer. #Airtel #Congo https://t.co/Eab42UklO6"
"286",0,"Commençons le week-end avec cette #Enigme. #Airtel #rdc https://t.co/ZrJPhHN3Pn"
"287",-1,"@Airtel_Presence Still waiting!! #Airtel @airtelindia @airtelindia #Vodafone"
"288",-2,"@Airtel_Presence I am facing issues regarding false bill generation by #airtel company."
"289",-1,"#Airtel net profit tanks 39% in Q3 to Rs 306 crore 
https://t.co/P31kseODOE"
"290",-1,"@airtel_care pls how come am being charged heavily for bank ussd transactions on my line. This is so annoying. Imag… https://t.co/REAvdBpgNZ"
"291",0,"#Airtel transfers 25% stake in #DTH arm to #NettleInfrastructure 
https://t.co/ba7BApqEDI"
"292",0,"#Airtel transfers 25% stake in #DTH arm to #NettleInfrastructure 
https://t.co/nAqLZUHMgb"
"293",0,"@airtelindia @UIDAI @FinMinIndia #Airtel again opened a payments bank account today when my dad registered the AADH… https://t.co/neJS6sQcfl"
"294",0,"@Airtel_Presence @AneezShaikh Now it is confirmed that tweets are handeled by BOT at #Airtel . Without going throug… https://t.co/tiYhkCu8wA"
"295",0,"Karbonn Titanium Jumbo 2GB RAM, 4000 mAh battery for Rs. 2,999 https://t.co/b1C0tFX2FC via #karbonn #airtel"
"296",0,"Suis-nous sur Instagram en cliquant sur https://t.co/MemyfvoNcm #Airtel #Gabon https://t.co/NL7PCI7pcW"
"297",1,"#Amazon.com Inc. and Indian telecom giant #Bharti #Airtel have collaborated to provide free one-year subscription o… https://t.co/hTr7LE6Ocp"
"298",1,"Thank you so much  <ed><U+00A0><U+00BD><ed><U+00B9><U+008F> #Airtel @Airtel_Presence @airtelindia #Karnataka for giving me the access to #AmazonPrime .. l… https://t.co/ueO0jtdiEs"
"299",0,"#Airtel
Is this being done officially? https://t.co/MK2Npnbt5x"
"300",0,"@narendramodi Sir aap #MakeInIndia bolte h, uske liye maine @ideacellular connection liya @VodafoneIN se nikal k. A… https://t.co/2kVmKCF6Yc"
"301",0,"@airtelindia @Airtel_Presence @AirtelNigeria @AirtelSrilanka @Airtel_Ug night time data period is 01.00am to 07.00… https://t.co/PmgnRyDsAS"
"302",0,"<U+0B9C><U+0BBF><U+0BAF><U+0BCB> 398, <U+0B8F><U+0BB0><U+0BCD><U+0B9F><U+0BC6><U+0BB2><U+0BCD> 398, <U+0B90><U+0B9F><U+0BBF><U+0BAF><U+0BBE> 398; <U+0BAA><U+0BB2><U+0BAE><U+0BBE><U+0BA9> <U+0BAA><U+0BCB><U+0B9F><U+0BCD><U+0B9F><U+0BBF>; <U+0B9A><U+0BBF><U+0BB1><U+0BA8><U+0BCD><U+0BA4><U+0BA4><U+0BC1> <U+0B8E><U+0BA4><U+0BC1> <U+0BA4><U+0BC6><U+0BB0><U+0BBF><U+0BAF><U+0BC1><U+0BAE><U+0BBE>? #TamilNews #Airtel #Jio #Idea… https://t.co/8BwHyDCc2e"
"303",-1,"@TusharPatel5586 Same issue.. they say they will resolve but nobody is working on this.. besides they claim that th… https://t.co/VdgPdl1isB"
"304",-1,"@preetiyadav888 @manojsinhabjp Same issue.. they say they will resolve but nobody is working on this.. besides they… https://t.co/yPCHyPnCMn"
"305",0,"<U+0B95><U+0B9F><U+0BCD><U+0B9F><U+0BC1><U+0BAA><U+0BCD><U+0BAA><U+0B9F><U+0BBF><U+0BAF><U+0BBE><U+0B95><U+0BBE><U+0BA4> <U+0B95><U+0B9F><U+0BCD><U+0B9F><U+0BA3><U+0B95><U+0BCD> <U+0B95><U+0BC1><U+0BB1><U+0BC8><U+0BB5><U+0BC1>: <U+0B8F><U+0BB0><U+0BCD><U+0B9F><U+0BC6><U+0BB2><U+0BCD> <U+0B85><U+0BA4><U+0BBF><U+0B95><U+0BBE><U+0BB0><U+0BBF> <U+0B95><U+0BB5><U+0BB2><U+0BC8> https://t.co/uTYUD5DZ5U #Airtel"
"306",0,"RT @publictvnews: 15 <U+0CA4><U+0CBF><U+0C82><U+0C97><U+0CB3> <U+0CA8><U+0C82><U+0CA4><U+0CCD><U+0CB0> <U+0CB2><U+0CBE><U+0CAD><U+0C95><U+0CCD><U+0C95><U+0CC6> <U+0CAE><U+0CB0><U+0CB3><U+0CBF><U+0CA6> <U+0C9C><U+0CBF><U+0CAF><U+0CCB>- <U+0C8F><U+0CB0><U+0CCD> <U+0C9F><U+0CC6><U+0CB2><U+0CCD> <U+0C86><U+0CA6><U+0CBE><U+0CAF> <U+0C95><U+0CC1><U+0CB8><U+0CBF><U+0CA4> https://t.co/bVLXIB3QhX

#Jio #Airtel #Telecom #Tech #Mobile https…"
"307",0,"15 <U+0CA4><U+0CBF><U+0C82><U+0C97><U+0CB3> <U+0CA8><U+0C82><U+0CA4><U+0CCD><U+0CB0> <U+0CB2><U+0CBE><U+0CAD><U+0C95><U+0CCD><U+0C95><U+0CC6> <U+0CAE><U+0CB0><U+0CB3><U+0CBF><U+0CA6> <U+0C9C><U+0CBF><U+0CAF><U+0CCB>- <U+0C8F><U+0CB0><U+0CCD> <U+0C9F><U+0CC6><U+0CB2><U+0CCD> <U+0C86><U+0CA6><U+0CBE><U+0CAF> <U+0C95><U+0CC1><U+0CB8><U+0CBF><U+0CA4> https://t.co/bVLXIB3QhX

#Jio #Airtel #Telecom #Tech #Mobile https://t.co/7wLIkWWdTV"
"308",-1,"@Reliancejio @jiocare you suck in international roaming and thats proof given by @geekyranjit.. and #Vodafone and… https://t.co/wzfXnuTtQc"
"309",-1,"#Airtel WORST Internet Service Provider.
I'm fed up with the Internet connectivity. Couldn't beat Reliance Jio."
"310",-1,"@Airtel_Presence @Airtel_Presence  anyone from airtel, complain number 82550982 mobile no. 8605679327 #Airtel… https://t.co/VxgvPzjDFO"
"311",-1,"Aadhar linking itself is a big task for me. That lazy on weekends. #Airtel #Jio"
"312",0,"#Airtel-#Idea <U+0915><U+094B> <U+091D><U+091F><U+0915><U+093E> <U+0926><U+0947> <U+091C><U+093F><U+092F><U+094B> <U+0928><U+0947> <U+0915><U+092E><U+093E> <U+0932><U+093F><U+090F> 504 <U+0915><U+0930><U+094B><U+0921><U+093C>, 5 <U+0924><U+093F><U+092E><U+093E><U+0939><U+0940> <U+092E><U+0947><U+0902> <U+0910><U+0938><U+0947> <U+092C><U+0926><U+0932><U+093E> <U+0916><U+0947><U+0932>

https://t.co/WMUmYjQJqZ"
"313",0,"@TusharPatel5586 @airtelindia @Airtel_Presence @DoT_India Jab se port karaya hu tabse pareshan hu (Bharat ka sabse ghatiya network) #Airtel"
"314",0,"@Airtel_Presence Did you called yourself or joking.I didn’t received any call from your team. You are closing the c… https://t.co/12hvgbKM5K"
"315",0,"#Country #NewDelhi #Airtel Airtel TV App <U+0915><U+093E> <U+0921><U+093E><U+0909><U+0928><U+0932><U+094B><U+0921><U+093F><U+0902><U+0917> <U+092E><U+0947><U+0902> <U+091C><U+094B><U+0930><U+0926><U+093E><U+0930> <U+0930><U+093F><U+0915><U+093E><U+0930><U+094D><U+0921>,<U+091C><U+093F><U+092F><U+094B> <U+0915><U+094B> <U+092A><U+0940><U+091B><U+0947> <U+091B><U+094B><U+0921><U+093C> <U+0906><U+092F><U+093E> <U+091F><U+0949><U+092A> 4 <U+092E><U+0947><U+0902>… https://t.co/W6JlaSQcGo"
"316",0,"<U+0924><U+0941><U+092E> <U+090F><U+092F><U+0930><U+091F><U+0947><U+0932> <U+0935><U+093E><U+0932><U+0947> <U+092A><U+093E><U+0917><U+0932> <U+0939><U+094B> <U+0917><U+090F> <U+0939><U+094B> <U+0915><U+094D><U+092F><U+093E>? <U+0905><U+092D><U+0940> <U+0905><U+092D><U+0940> 7042673076 <U+0907><U+0938> <U+0928><U+0902><U+092C><U+0930> <U+0938><U+0947> <U+0915><U+0949><U+0932> <U+0906><U+092F><U+093E> <U+0925><U+093E> <U+090F><U+092F><U+0930><U+091F><U+0947><U+0932> <U+0938><U+0947> <U+0915><U+093F><U+0938><U+0940> <U+0928><U+0947> <U+092C><U+0926><U+0924><U+092E><U+0940><U+091C><U+093C><U+0940> <U+0938><U+0947> <U+092C><U+093E><U+0924> <U+0915><U+0940><U+0964>… https://t.co/0xoX4Wz74j"
"317",1,"Pay for 4G. Get 3G. That's ""India's fastest internet""! #Airtelisuseless #Airtel @airtel_presence @airtelindia… https://t.co/rBneh9Cx5W"
"318",1,"@Airtel_Presence #Airtel Internet speed who claims fastest data speed. https://t.co/LYEW7PMVPd"
"319",-1,"@airtelindia @Airtel_Presence - why you guys even do business! Hopeless broadband services! Have to literally compl… https://t.co/AazGaCAbDI"
"320",1,"After 4 months now #Airtel says I shd  change my sim card. Much smaller companies like #Matrix deliver Sims at door… https://t.co/jWfc7u9Od6"
"321",2,"#jio is working super smooth at 4G and #Airtel is at Edge network ! And that too in #Allahabad - not even a village but main city !!"
"322",0,"2 <U+0CB5><U+0CB0><U+0CCD><U+0CB7><U+0CA6> <U+0CA8><U+0C82><U+0CA4><U+0CB0> <U+0C9C><U+0CBF><U+0CAF><U+0CCB><U+0C97><U+0CC6> <U+0CAE><U+0CCA><U+0CA6><U+0CB2> <U+0CAC><U+0CBE><U+0CB0><U+0CBF> <U+0C86><U+0CA6><U+0CBE><U+0CAF>!!..<U+0C8F><U+0CB0><U+0CCD><U+200C><U+0C9F><U+0CC6><U+0CB2><U+0CCD><U+200C><U+0C97><U+0CBF><U+0C82><U+0CA4> <U+0CB9><U+0CC6><U+0C9A><U+0CCD><U+0C9A><U+0CC1>!! https://t.co/4NEavS08Xi #reliance #jio #airtel… https://t.co/8xHJjP0R6h"
"323",-2,"Why the heck #Vodafone is after my life to post the number i dont want to #Airtel is shit nowadays but i am ok with… https://t.co/BhzFIvXzbo"
"324",0,"@Airtel_Presence @airtelindia the services are very poor. Neither the mobile network works nor the customer care se… https://t.co/zgicdJPg8X"
"325",-2,"Is ""ADSL link down"" the next tagline for Airtel Broadband? Horrible services. #Airtel I thought only their 4g sucks!"
"326",0,"@sanjaybafna Great Team #JIO @reliancejio!!! Just kill #Airtel....#justkillairtel."
"327",0,"@the_hindu Great Team JIO @reliancejio!!! Just kill #Airtel....#justkillairtel."
"328",-1,"@Airtel_Presence #airtel I would if u cared to resolve, check the direct messages I have sent for signal problem an… https://t.co/T3VA4g16hq"
"329",-1,"@Keshav4005 #Airtel aithe kadhu <ed><U+00A0><U+00BD><ed><U+00B9><U+008F><ed><U+00A0><U+00BC><ed><U+00BF><U+00BC><ed><U+00A0><U+00BD><ed><U+00B9><U+008F><ed><U+00A0><U+00BC><ed><U+00BF><U+00BC><ed><U+00A0><U+00BD><ed><U+00B9><U+008F><ed><U+00A0><U+00BC><ed><U+00BF><U+00BC> worst speed @airtelindia"
"330",-1,"@Airtel_Presence Hi, Will I get any revert on this please.. #Airtel"
"331",1,"RT @gingerPOP_: PRICELIST FOR AFFORDABLE DATA ON ALL NETWORKS.#updated #internet #data #wifi #mtn #glo #airtel #9mobile #etisalat #Nigeria…"
"332",-2,"#airtel4g #Airtel very bed network to Airtel call drop problems data speed problems i have more time to companies c… https://t.co/WV8iy5xeJF"
"333",-1,"#Airtel - Telecom major Bharti Airtel said the mobile tariff in the country is at unsustainable levels,
but the bat… https://t.co/lbP2O9HUw1"
"334",1,"#BSNL unveils Rs.186 plan|1gb data/day|Unlimited local+STD+roaming calls|100 sms/day|28 days.
<ed><U+00A0><U+00BD><ed><U+00B1><U+0089> Unlimited roaming c… https://t.co/o4Xcrlfcm7"
"335",-1,"@Airtel_Presence @airtelindia 
Ported to ur network from my old one. Charged at ur myairtel store for this. 
Bad thing #Airtel"
"336",0,"Notwithstanding questions over their accounting practices, RJio has made higher net profit than #Airtel despite thr… https://t.co/4OZhjWZVxt"
"337",1,"iNteresting NEWS: while #Airtel Q3 profit dropped from <U+20B9>504cr to <U+20B9>306cr, Reliance #Jio opened account with <U+20B9>504cr p… https://t.co/6NGOrXZoKt"
"338",0,"Be careful of call drops when using #Airtel on forthcoming in-flight connectivity. You won't survive  a drop from t… https://t.co/IcPHY7E59O"
"339",-1,"#Airtel pls let me know how can I use my left data if there is very limited network coverage on most of area. U r g… https://t.co/wZ3OysCoG4"
"340",0,"“Jio” up and “Airtel” down : In terms of profitability for Q3 FY 17-18
#JIO #Airtel #Profit #telecom… https://t.co/wyub2qhb9U"
"341",-1,"@Airtel_Presence  Thats why You are the worst telco in india, Soon portout my all numbers, @reliancejio is far bett… https://t.co/50ATlafaQi"
"342",0,"@b50 LY same quarter #Airtel had rs504 cr profit...in just one year, it has come down to rs300 cr and #Jio took that number: rs504 Cr...<ed><U+00A0><U+00BD><ed><U+00B8><U+008E><ed><U+00A0><U+00BD><ed><U+00B8><U+008B><ed><U+00A0><U+00BE><ed><U+00B4><U+0094>"
"343",-1,"RT @Virusofluv: #airtel the biggest problem u r losing ur customers is not #jio it's ur network..Still people trust ur service n u r disapp…"
"344",-1,"If  #Airtel wanna spoil Jio's party , they should buy or back this YC backed  #Dabba_internet  ASAP.
Potential... https://t.co/QhtCmbHIis"
"345",0,"@Airtel_Presence come on #Airtel #India wants to know
wat do u mean by #Help n #commitment
or ths r just #selling #pitch for u"
"346",0,"@VodafoneIN can you guys give a solution or should I go back to #Airtel plz help me"
"347",0,"Bought a data plan of 5<U+20B9>/hr got confirmation and got balance deducted too. @airtelindia @Airtel_Presence .Feedback… https://t.co/enoQynMHlU"
"348",0,"RT @sanjaybafna: Bharti #Airtel 's Q3 Net Profit plunged 39%.

Airtel 's Net Profit is continuesly dropping since last seventh quarter, as…"
"349",0,"#Airtel goes Gaga!!! Their numbers popping all around randomly over Int-calls.. Kindly attend."
"350",0,"improper handling. I would like to ask #airtel,'is taking your device out from your pocket and slip dropping is imp… https://t.co/bW4y8hvyRc"
"351",0,"@sanjaybafna Still they have patchy network across. Mumbai perhaps they come after #Airtel/ #jio , outside #Mumbai… https://t.co/CViKOItO2J"
"352",-1,"RT @KanteSagar: @airtelindia No action taken yet. Airtel doesn't care about it's customers. Worst service ever.
#Airtel #worstservice"
"353",-1,"Worst service.....no network most of the time..#Airtel #TRAI"
"354",-3,"What the he'll is happening with #airtel . Really very sick and poor net https://t.co/uEOQj0LYxY drops. No network.… https://t.co/pe90sEGFoR"
"355",0,"@Airtel_Presence Why does some one has to give Proofs again if I opt out of #airtelfamilyplan and  am a customer of… https://t.co/Qgo9XsNOMX"
"356",0,"@Airtel_Presence Hey Mr.Rahul, why don't you go ahead and cancel my #overlypriced #airtel #broadband connection? I'… https://t.co/V52t05NoZy"
"357",0,"India's fastest network or a joke, #Airtel https://t.co/PTxfdBkYv0"
"358",-1,"#calldrop and #voicebreak  of  #airtel connection inside #IITBombay campus. Complaint not resolved inspite of multi… https://t.co/JhvBW6XRk5"
"359",0,"@LutherRahul @Airtel_Presence @airtelindia @airtelccare Even I am facing this issue just like you and i have been w… https://t.co/eSBKuG5Urm"
"360",1,"@LutherRahul @Airtel_Presence @airtelindia @airtelccare #airtel don’t like when people point out if there is proble… https://t.co/HkvIUWW9vo"
"361",0,"#StocksLogic : Bharti Airtel Ltd. - Results upto December'17
https://t.co/B4yufXgMEQ

#Q3FY18 #TTMResults #Airtel #BhartiAirtel"
"362",0,"@OBanerji @Airtel @UIDAI It’s not mandatory at all you can anytime update it before 31.3.2018 Go for Jio they accep… https://t.co/2jR0wTbC8M"
"363",0,"GIGA POMBA ! Bénéficiez de plus de volume d'internet au même prix avec plus de temps de connexion. N'attendez plus,… https://t.co/uOfrgJYnBB"
"364",1,"Inspite of having #Unlimited plan of #airtel, they deducted all my balance leaving the data balance unchanged with… https://t.co/P2AO6aOa0C"
"365",0,"@VodafoneIN What’s wrong with your network at #BengaluruAirport? Calls are not getting connected properly and Inter… https://t.co/zK7atx8W2b"
"366",0,"Hi Team, i have ported my number to #Airtel but i am still not getting the network. Can anyone pls respond if the n… https://t.co/jf66RtehL8"
"367",-1,"RT @imarunaksh: Dear airtel,
I will pay all my dues please stop torturing in this way <ed><U+00A0><U+00BE><ed><U+00B4><U+00A3><ed><U+00A0><U+00BE><ed><U+00B4><U+00A3><ed><U+00A0><U+00BE><ed><U+00B4><U+00A3><ed><U+00A0><U+00BE><ed><U+00B4><U+00A3><ed><U+00A0><U+00BE><ed><U+00B4><U+00A3><ed><U+00A0><U+00BE><ed><U+00B4><U+00A3><ed><U+00A0><U+00BE><ed><U+00B4><U+00A3><ed><U+00A0><U+00BE><ed><U+00B4><U+00A3><ed><U+00A0><U+00BE><ed><U+00B4><U+00A3><ed><U+00A0><U+00BE><ed><U+00B4><U+00A3>

#FridayFeeling
#Airtel #Airtel4g https://…"
"368",0,"#Safaricom, #Airtel to begin landmark #Kenya money trial https://t.co/PlwJ1tRZR9 https://t.co/QkImnmmYd2"
"369",-1,"@indianyouthblog     Don't port your number in #Vodafone because frustrated service from there and 2G internet spee… https://t.co/GXvc6fV1Fl"
"370",0,"Always call drop with no internet (Bharat ka sabse ghatiya network)  #airtel @airtelindia #TRAI @Airtel_Presence #airtel4g @DoT_India"
"371",-1,"Reste connecté avec tes amis durant tout le week-end grâce au forfait internet Weekend. Compose vite *111*1# ou *36… https://t.co/laQpaB6S5E"
"372",0,"#Airtel @sunilbmittal @Airtel_Presence @airtelindia payment made through airtel.in site and Airtel payment Bank get… https://t.co/WfKt79gNEy"
"373",-1,"#Airtel transfers 25% stake in DTH arm to Nettle Infrastructure Investments https://t.co/wJJbSdU37N"
"374",1,"@krishna20aug93 @Airtel @INCIndia I can't say Jio is best now, but yes #airtel is on the #backfoot , airtel thinkin… https://t.co/TRXLdOI8PF"
"375",0,"LG V30+ Launched in India, #Paytm Mall Sale, #Airtel 4G Hotspot Price Cut, and More: Your… https://t.co/U3mOu1BZkO"
"376",-1,"#Jio is spreading its 4G services to extremely backward areas where we only get #Airtel 2G signal. So on what basis… https://t.co/hnFIn7JnS8"
"377",1,"@airtelindia First improve service #Airtel #service https://t.co/CvqaHJVa41"
"378",-2,"@TRAI @airtelindia Airtel complaint no 81118769 registered on 15 Nov 17 regarding call drop &amp; network issue. No res… https://t.co/7gy8VhhpmW"
"379",0,"@LutherRahul @Airtel_Presence @airtelindia @airtelccare For how many years you have been an #airtel customer ?"
"380",0,"Savais-tu qu'autant de personnes utilisaient Facebook chaque mois ? #Airtel #rdc https://t.co/Iiv296pSat"
"381",0,"I got a private msg from Some Mr. Dushyant saying that they will arrange a call but hvnt  recieved any call from an… https://t.co/6jIkTmS3XX"
"382",1,"@Airtel_Presence @airtelindia If we are subscribed to unlimited pack on #airtel, which kind of numbers are chargeab… https://t.co/Z4bqfiJZ8t"
"383",1,"@Airtel_Presence @airtelindia If we are subscribed to unlimited pack on #airtel, which kind of numbers are chargeab… https://t.co/tDPJJ0hVc9"
"384",1,"@Airtel_Presence @airtelindia If we are subscribed to unlimited pack on #airtel, which kind of numbers are chargeab… https://t.co/UyJn3NXHr0"
"385",1,"@Airtel_Presence @airtelindia If we are subscribed to unlimited pack on #airtel, which kind of numbers are chargeab… https://t.co/n6jHmklIBU"
"386",1,"@Airtel_Presence @airtelindia If we are subscribed to unlimited pack on #airtel, which kind of numbers are chargeab… https://t.co/wkxJ4BUUGk"
"387",1,"@Airtel_Presence @airtelindia If we are subscribed to unlimited pack on #airtel, which kind of numbers are chargeab… https://t.co/nqhrp8cikM"
"388",0,"Gone are the days when I used to tell my friends to use Airtel because of its network. #Airtel"
"389",0,"Sir ye bhartiye airtel ko kya ho gya ekdm se.. internet bilkul he band ho gya #BhartiAirtel #Airtel @Airtel_Presence @airtelindia"
"390",-2,"@Airtel_Presence Your ignorance just confirms our belief and please have some shame, this just shows your commitmen… https://t.co/Qhl6aIgVpc"
"391",0,"Airtel Network sucks...<ed><U+00A0><U+00BD><ed><U+00B8><U+00A1><ed><U+00A0><U+00BD><ed><U+00B8><U+00A4>
<U+092F><U+0947> <U+092A><U+094B><U+0938><U+094D><U+091F> <U+0915><U+0930><U+0928><U+0947> <U+0915><U+0947> <U+0932><U+093F><U+090F> <U+092D><U+0940> <U+0926><U+0942><U+0938><U+0930><U+0947> <U+092C><U+0928><U+094D><U+0926><U+0947> <U+0915><U+0947> WiFi <U+0938><U+0947> connect <U+0915><U+093F><U+092F><U+093E> <U+0939><U+0948> <U+092C><U+0940><U+0938><U+0940> <ed><U+00A0><U+00BD><ed><U+00B8><U+008F><ed><U+00A0><U+00BD><ed><U+00B8><U+008F> #Airtel"
"392",-2,"It keeps getting more ridiculous! Now after months, #Airtel goes into complete denial mode @Airtel_Presence… https://t.co/IENAsZk5N8"
"393",0,"#Airtel - Bharti Airtel will transfer its
25 per cent stake in DTH arm Bharti Telemedia to wholly owned
subsidiary… https://t.co/vgEVwZMHHr"
"394",1,"@Airtel_Presence If we are subscribed to unlimited pack on #airtel, which kind of numbers are chargeable as when ev… https://t.co/msMsDRLLle"
"395",-1,"@Airtel_Presence The pity is that no one in your system is aware how long it’s gonna take to get the installation d… https://t.co/bvPsnvwNwj"
"396",1,"@Airtel_Presence Here’s the speed #Airtel is providing for a 100mbps plan. The so called biggest and fastest networ… https://t.co/dxkU8A7WbV"
"397",0,"End of Day Wrap-up (Friday / January 19, 2018) #GST #GSTCouncil #HDFC #Airtel #PSB #Recapitalization #House #Senate… https://t.co/PRgJVXmRfZ"
"398",-1,"Final nail in coffin..24 hrs after complaint and numerous calls this is what we have.#Airtel @sunilbmittal#ripairte… https://t.co/maUEV5mp3o"
"399",-1,"@TRAI there was a big issue before regarding call drops, now call drops have become so regular including #Airtel, n… https://t.co/axTwkMq4U2"
"400",0,"How can #Airtel take 12 hours to activate SIM card after submission of ID. Been a customer for over 13 years! This… https://t.co/OUwJiFQPUY"
"401",0,"#airtel #network is like motor without #fuel @airtel guys problem ho kya gai hai ? Can someone please explain"
"402",-2,"@airtelindia @Airtel_Presence 
Very poor show, now I feel cheated. Why I relied on ur service. No resolution, more… https://t.co/rF9c8NQYus"
"403",0,"Bénéficiez des forfaits internet du réseau number one en voyageant vers 17 pays africains avec votre Sim #Airtel et… https://t.co/ps4E0xlm9k"
"404",0,"Araho amin'ny antsiprihany ny fandaniana crédit nataonao.Tsindrio ny *455"" fa ho hitanao ao ireo fandaniana 5 faran… https://t.co/fAhk1NpPfv"
"405",0,"RT @_parsaloi: Hi @AIRTEL_KE how do I check my data bundle. I just joined your network yesterday #Airtel #HitSongsByParsa"
"406",0,"Hi @AIRTEL_KE how do I check my data bundle. I just joined your network yesterday #Airtel #HitSongsByParsa"
"407",0,"'TO WHOME IT MAY CONCERN..'
I've got a new #Airtel.line that why am not always picking up when you call my #MTN... https://t.co/zdEN4D9jUp"
"408",0,"I'm sure the Bosses @ #Vodafone #idea #Airtel &amp; other in #Telecom alonghwith #UIDAI have a solution for this https://t.co/sPiBca859A"
"409",-1,"How the hell we can turn off this pop up of #airtel live, I did stop from sim tool kit, still pop up coming out...… https://t.co/SEhaHFwk1a"
"410",0,"@JaizBankNG Thanks I Got #Airtel
#Happy #Friday @JaizBankNG"
"411",-1,"1.2 They are just confusing customer in their IVR options, but you will not get direct and simple connectivity to c… https://t.co/VyutYtrBfn"
"412",-1,"#Airtel suffered losses, as it just comes up with #Airteloffers to compete #Jio, without improving their Infra.I ha… https://t.co/Y9ocYfXmz6"
"413",0,"Parviendras-tu à trouver le nom de ce célèbre film ? #Airtel #Gabon https://t.co/QROe0CPyZ0"
"414",-1,"Jusqu'au 31 Janvier 2018, pour tout réabonnement à Canal + via #Airtel Money, bénéficiez gratuitement des chaînes d… https://t.co/QAkRmbkfW9"
"415",2,"With a winning bid of just N1,345 Tesrygate009 won 5,000 Naira Airtime to load on any network of their choice -… https://t.co/xBQbJQcUAC"
"416",2,"@airtelindia @sunilbmittal I have good marketing strategy. Allow users using unlimited packs to use their remaining… https://t.co/XoIjMuMmdD"
"417",0,"<U+0C15><U+0C41><U+0C02><U+0C1F><U+0C3F><U+0C38><U+0C3E><U+0C15><U+0C41><U+0C32><U+0C41> <U+0C1A><U+0C46><U+0C2A><U+0C4D><U+0C2A><U+0C15><U+0C02><U+0C21><U+0C3F>, <U+0C1F><U+0C46><U+0C32><U+0C3F><U+0C15><U+0C3E><U+0C02> <U+0C26><U+0C3F><U+0C17><U+0C4D><U+0C17><U+0C1C><U+0C3E><U+0C32><U+0C28><U+0C41> <U+0C06><U+0C21><U+0C47><U+0C38><U+0C41><U+0C15><U+0C41><U+0C28><U+0C4D><U+0C28><U+0C15><U+0C47><U+0C02><U+0C26><U+0C4D><U+0C30><U+0C02> ! https://t.co/U2KsA67b8q #news #telecom #idea #jio… https://t.co/N5OiNShZTB"
"418",0,"<U+0C15><U+0C41><U+0C02><U+0C1F><U+0C3F><U+0C38><U+0C3E><U+0C15><U+0C41><U+0C32><U+0C41> <U+0C1A><U+0C46><U+0C2A><U+0C4D><U+0C2A><U+0C15><U+0C02><U+0C21><U+0C3F>, <U+0C1F><U+0C46><U+0C32><U+0C3F><U+0C15><U+0C3E><U+0C02> <U+0C26><U+0C3F><U+0C17><U+0C4D><U+0C17><U+0C1C><U+0C3E><U+0C32><U+0C28><U+0C41> <U+0C06><U+0C21><U+0C47><U+0C38><U+0C41><U+0C15><U+0C41><U+0C28><U+0C4D><U+0C28><U+0C15><U+0C47><U+0C02><U+0C26><U+0C4D><U+0C30><U+0C02> ! https://t.co/2aFFJ98uUY #news #telecom #idea #jio… https://t.co/haFn8uNhu6"
"419",-2,"Are you #Airtel4G #Airtel #airtel
ppl playing miss call miss call with...
Now I am porting 2 pre n 2 post paid conn… https://t.co/DqVaj3ldlp"
"420",-3,"RT @bikramsinghal: #Airtel sucks #broadband #unprofessional acct no: 7033306360 Ref no: 92321878
Pathetic service. Terrible experience"
"421",-3,"#Airtel sucks #broadband #unprofessional acct no: 7033306360 Ref no: 92321878
Pathetic service. Terrible experience"
"422",-1,"#Airtel Management: Price War Takes A Toll On ARPUs

#LIVE https://t.co/cRN0uQ7kqT @airtelnews https://t.co/qwDWlKK9wB"
"423",1,"@Airtel_Presence Still no action!
Now this is supposedly proper ignorance of the matter!!
Seems like for #Airtel it… https://t.co/cxxfxT712J"
"424",0,"No signal ever #Airtelisuseless #Airtel https://t.co/BAe4j5AW3F"
"425",0,"I have an #airtel broadband fibernet connection with committed speed of 100mbps that never happens. I keep getting… https://t.co/CeITEdrJAj"
"426",0,"Pray, how will they call? No network coverage. @airtel_presence @airtelcare @airtelindia #Airtelisuseless #Airtel https://t.co/98NpcoHwSe"
"427",0,"@jain17deepu @Airtel_Presence @AbbigeriRamesh I also request people to #BeCareful with this Brand #Airtel and think… https://t.co/rHHEQWNzez"
"428",-1,"@Airtel_Presence absolutely pathetic#network in #hitec city #Hyderabad India's slowest network is #airtel @airtelindia"
"429",1,"I live in #Nigdi &amp; go to #Hinjawadi for work every day. I have #airtel 4g prepaid connection. 
But I cann't watch… https://t.co/hKP6WA0U1M"
"430",-1,"It's a BIG SHAME @airtelindia @Airtel_Presence . Received reply from @idea_cares &amp; @JioCare but #airtel isn't bothe… https://t.co/46S07fVYL7"
"431",0,"@Airtel_Presence @airtelindia 
See the NETWORK #AIRTEL IT'S PATHETIC EVEN YOUR PEOPLE COULDN'T TALK TO ME PROPERLY.… https://t.co/rGxQZc9oBU"
"432",-1,"#Airtel Q3 profit misses forecasts

https://t.co/mFVZOZCXrY https://t.co/SPnRsFf0NS"
"433",0,"Know Step by Step How to link Aadhaar to mobile number via OTP, SMS, IVR or Offline at https://t.co/UItixfBNaj… https://t.co/RxT5AGj7ua"
"434",0,"@airtelindia @Airtel_Presence everyday your #airtel team calls up and asks hows the network connectivity. It feels… https://t.co/rIah9yLQXG"
"435",1,"Set this Latest Addictive Love Number #Ninnila<ed><U+00A0><U+00BD><ed><U+00B2><U+0096> From #TholiPrema As Your Caller tune Now By Following the Codes Men… https://t.co/79dlXbDY5X"
"436",-1,"@airtelindia @Airtel_Presence is the worst network. Have been associated to #airtel since 2004. But it's time to mo… https://t.co/AzPU5csAvT"
"437",-1,"I've been getting such messages since months. Issue not resolved. No signal at home, in office &amp; on the way… https://t.co/wJB0TB16DD"
"438",0,"<U+30D3><U+30B6><U+3068><U+4E00><U+7DD2><U+306B><U+671F><U+9650><U+5207><U+308C><U+FF1F><U+3069><U+3046><U+306A><U+308B><U+79C1><U+306E>Aitel<U+30A4><U+30F3><U+30C9>SIM
https://t.co/kEqAs5F9Dc
 #<U+30A4><U+30F3><U+30C9><U+65C5><U+884C>
 #<U+6D77><U+5916>SIM<U+30AB><U+30FC><U+30C9>
 #<U+30D7><U+30EA><U+30DA><U+30A4><U+30C9>SIM
 #Airtel"
"439",0,"@airtelindia where govt. is trying to promote #digitalpayments your kiosk PU21601 for mobile recharge/payments only… https://t.co/iPJ7yNa5uW"
"440",0,"@TRAI @DoT_India @Airtel_Presence #Airtel Open Network,Airtel Network check report of my location.<ed><U+00A0><U+00BD><ed><U+00B8><U+0082><ed><U+00A0><U+00BD><ed><U+00B8><U+0082> I have no netw… https://t.co/mpUpktGful"
"441",-1,"I try a lot to connect with #airtel customer help service but in middle connection lost i don't know how they adver… https://t.co/Y98YemhphF"
"442",0,"#SaveAdedipupo #SaveAdedipupo #SaveAdedipupo #SaveAdedipupo #airtel https://t.co/PxP8TnMPZm"
"443",2,"@Airtel_Presence @airtelindia @airtelnews #Airtel Absolutely good news, this is the reward from God because of the… https://t.co/nEniZzuoZ9"
"444",-1,"punish and come heavily on #telcom #reliancejio #IDEA #Vodafone #Airtel who are instrumental in unnecessary harassm… https://t.co/WtYNjOfdR9"
"445",0,"Dear @Airtel_Presence @airtelindia somebody is either sharing or selling numbers to @VodafoneIN which send a PORT m… https://t.co/bUGk8ZJMpd"
"446",-1,"@manojsinhabjp sir, my #airtel no. 8542038695 and 8009066687 is facing serious internet and call drop problem at
GF… https://t.co/WkpcZZs2Kb"
"447",0,"@Airtel_Presence @airtelindia The Airtel, Reliance Jio fight just got uglier
https://t.co/7jyzn2QWHm

Airtel loosin… https://t.co/J6fyVEBg5q"
"448",0,"The wosrt service provider @Airtel_Presence @airtelindia.from last 2 mnths i hv been charged 500extra on my bills a… https://t.co/fTHtzzMA77"
"449",-2,"@airtelindia Fuck off your scammers indias pathetic network service provider it's been 2 month not able to dial 121… https://t.co/WyPkvBFbY8"
"450",0,"@Airtel_Presence As said before we want to host a #airtel 3G/4G tower at our location on GT Road(NH.2),Kowaband,Gov… https://t.co/ICy8oR40X9"
"451",-1,"Dear airtel,
I will pay all my dues please stop torturing in this way <ed><U+00A0><U+00BE><ed><U+00B4><U+00A3><ed><U+00A0><U+00BE><ed><U+00B4><U+00A3><ed><U+00A0><U+00BE><ed><U+00B4><U+00A3><ed><U+00A0><U+00BE><ed><U+00B4><U+00A3><ed><U+00A0><U+00BE><ed><U+00B4><U+00A3><ed><U+00A0><U+00BE><ed><U+00B4><U+00A3><ed><U+00A0><U+00BE><ed><U+00B4><U+00A3><ed><U+00A0><U+00BE><ed><U+00B4><U+00A3><ed><U+00A0><U+00BE><ed><U+00B4><U+00A3><ed><U+00A0><U+00BE><ed><U+00B4><U+00A3>

#FridayFeeling
#Airtel #Airtel4g https://t.co/kBq0J3pPOd"
"452",-1,"#Airtel India #Telecom #4G #LTE we reached till the mountains where almost nobody using mobile but struggling to re… https://t.co/X7iswIRdSV"
"453",0,"@Airtel @Airtel_Presence @airtelindia trying to get a broadband connection in India... The customer service guys pr… https://t.co/iEnYGQBQPR"
"454",0,"#Jio affects #Airtel. 
https://t.co/XUtwqia1cs
- shared via @ETTelecom App:"
"455",-1,"@Airtel_Presence @airtelindia facing temporary issue message past one month.
#airtel https://t.co/glF6Wu512E"
"456",-1,"As guided by ur silly tech team I hv managed some time to visit ur Airtel store Gandhi Nagar Jammu for sim swap.
Ho… https://t.co/PbJq36df97"
"457",0,"@Airtel_Presence sir payment is taken from card even after making it a prepaid. Why? Why such things happen in #airtel. I expect response."
"458",0,"<U+0C8F><U+0CB0><U+0CCD><U+200C><U+0C9F><U+0CC6><U+0CB2><U+0CCD><U+200C><U+0C97><U+0CC6> <U+0CB8><U+0CA4><U+0CA4> 7<U+0CA8><U+0CC7> <U+0CB8><U+0CBE><U+0CB0><U+0CBF><U+0CAF><U+0CC2> <U+0CAD><U+0CBE><U+0CB0><U+0CC0> <U+0CA8><U+0CB7><U+0CCD><U+0C9F>!..<U+0C9F><U+0CCD><U+0CB0><U+0CBE><U+0CAF><U+0CCD> <U+0CAE><U+0CA4><U+0CCD><U+0CA4><U+0CC1> <U+0C9C><U+0CBF><U+0CAF><U+0CCB><U+0C97><U+0CC6> <U+0C96><U+0CA1><U+0C95><U+0CCD> <U+0CB5><U+0CBE><U+0CB0><U+0CCD><U+0CA8><U+0CBF><U+0C82><U+0C97><U+0CCD>!! https://t.co/n6AnZGiXmT #airtel #jio… https://t.co/7JOUgYnoD1"
"459",0,"#airtel brazenly adds services never opted for &amp; I do cancellation admin work daily , Debits payment from bank with… https://t.co/oTykE0JV20"
"460",0,"#Airtel BB Plan https://t.co/SGq31Y2JVw #RecentHacks"
"461",-1,"#Airtel shares plunge 2.3% as Q3 profit misses estimates https://t.co/agtAIrQCSZ https://t.co/LEYBrTMA1L"
"462",-1,"@Airtel_Presence Your network is so pathetic that you yourself aren't able to reach me. 

""Dear Customer, regarding… https://t.co/6bhCs4JBmL"
"463",1,"Morey Sainyaan ... a soulful song ... with poetry in motion video .. coming soon  #FridayFeeling #music #musicvideo… https://t.co/DB0kXY8M9G"
"464",-1,"#airtel4g  #airtel do you even bother to listen to your clients and their issues 
I have your network and trust me… https://t.co/kIc3T5974Y"
"465",0,"RT @sakshinews: <U+0C2A><U+0C4D><U+0C32><U+0C3E><U+0C28><U+0C4D><U+0C32> <U+0C05><U+0C2A><U+0C4D><U+200C><U+0C21><U+0C47><U+0C1F><U+0C4D><U+200C><U+0C32><U+0C4B> <U+0C2C><U+0C3F><U+0C1C><U+0C40><U+0C2C><U+0C3F><U+0C1C><U+0C40><U+0C17><U+0C3E> <U+0C0E><U+0C2F><U+0C3F><U+0C30><U+0C4D><U+200C><U+0C1F><U+0C46><U+0C32><U+0C4D><U+200C>
https://t.co/7rBS7whV4t
#Airtel #RelianceJio https://t.co/EXAcFzIHg4"
"466",0,"<U+0BB5><U+0BBF><U+0BA9><U+0BCD><U+0B95><U+0BCD> <U+0BAE><U+0BBF><U+0BAF><U+0BC2><U+0B9A><U+0BBF><U+0B95><U+0BCD> <U+0B9A><U+0BC6><U+0BAF><U+0BB2><U+0BBF> 75 <U+0BAE><U+0BBF><U+0BB2><U+0BCD><U+0BB2><U+0BBF><U+0BAF><U+0BA9><U+0BCD> <U+0B9F><U+0BB5><U+0BC1><U+0BA9><U+0BCD><U+0BB2><U+0BCB><U+0B9F><U+0BC1><U+0B95><U+0BB3><U+0BC8> <U+0B95><U+0B9F><U+0BA8><U+0BCD><U+0BA4><U+0BC1><U+0BB3><U+0BCD><U+0BB3><U+0BA4><U+0BBE><U+0B95> <U+0B8F><U+0BB0><U+0BCD><U+0B9F><U+0BC6><U+0BB2><U+0BCD> <U+0B85><U+0BB1><U+0BBF><U+0BB5><U+0BBF><U+0BAA><U+0BCD><U+0BAA><U+0BC1>

#WynkMusic #TechNews #smartphones… https://t.co/g59fGuhLlU"
"467",0,"#Airtel <U+0A28><U+0A47> <U+0A06><U+0A2A><U+0A23><U+0A47> <U+0A07><U+0A38> <U+0A2A><U+0A32><U+0A3E><U+0A28> '<U+0A1A> <U+0A15><U+0A40><U+0A24><U+0A3E> <U+0A2C><U+0A26><U+0A32><U+0A3E><U+0A05>, <U+0A2E><U+0A3F><U+0A32><U+0A47><U+0A17><U+0A3E> 84GB <U+0A21><U+0A3E><U+0A1F><U+0A3E>
https://t.co/jJNPBaHSxm

@airtelindia https://t.co/3IB0l8SSWR"
"468",0,"<U+0C2A><U+0C4D><U+0C32><U+0C3E><U+0C28><U+0C4D><U+0C32> <U+0C05><U+0C2A><U+0C4D><U+200C><U+0C21><U+0C47><U+0C1F><U+0C4D><U+200C><U+0C32><U+0C4B> <U+0C2C><U+0C3F><U+0C1C><U+0C40><U+0C2C><U+0C3F><U+0C1C><U+0C40><U+0C17><U+0C3E> <U+0C0E><U+0C2F><U+0C3F><U+0C30><U+0C4D><U+200C><U+0C1F><U+0C46><U+0C32><U+0C4D><U+200C>
https://t.co/7rBS7whV4t
#Airtel #RelianceJio https://t.co/EXAcFzIHg4"
"469",0,"<U+091C><U+093F><U+092F><U+094B> <U+0915><U+0947> <U+0938><U+093E><U+0925> <U+090F><U+092F><U+0930><U+091F><U+0947><U+0932> <U+092D><U+0940> <U+0932><U+0947> <U+0930><U+0939><U+093E> <U+0939><U+0948> <U+0915><U+0921><U+093C><U+0940> <U+091F><U+0915><U+094D><U+0915><U+0930>
#technologynews #jio #airtel
https://t.co/XLhn83uKDW"
"470",4,"Why write love letters when you can simply dedicate love songs to your beloved ones <U+2764><U+FE0F> Now make this beautiful song… https://t.co/1BIHAcZiKz"
"471",0,"RT @PTTVOnlineNews: <U+0B8F><U+0BB0><U+0BCD><U+0B9F><U+0BC6><U+0BB2><U+0BCD><U+0BB2><U+0BBF><U+0BA9><U+0BCD> <U+0BB0><U+0BC2>.399 <U+0BA4><U+0BBF><U+0B9F><U+0BCD><U+0B9F><U+0BA4><U+0BCD><U+0BA4><U+0BBF><U+0BB2><U+0BCD> <U+0BAE><U+0BBE><U+0BB1><U+0BCD><U+0BB1><U+0BAE><U+0BCD>!
https://t.co/kCWgT3eIIt #Airtel"
"472",0,"<U+0B8F><U+0BB0><U+0BCD><U+0B9F><U+0BC6><U+0BB2><U+0BCD><U+0BB2><U+0BBF><U+0BA9><U+0BCD> <U+0BB0><U+0BC2>.399 <U+0BA4><U+0BBF><U+0B9F><U+0BCD><U+0B9F><U+0BA4><U+0BCD><U+0BA4><U+0BBF><U+0BB2><U+0BCD> <U+0BAE><U+0BBE><U+0BB1><U+0BCD><U+0BB1><U+0BAE><U+0BCD>!
https://t.co/kCWgT3eIIt #Airtel"
"473",0,"#Jio <U+0915><U+0947> <U+091C><U+0935><U+093E><U+092C> <U+092E><U+0947><U+0902> #Airtel <U+0915><U+093E> <U+0928><U+092F><U+093E> <U+0927><U+092E><U+093E><U+0915><U+093E>, 399 <U+0930><U+0941>. <U+092E><U+0947><U+0902> 84GB <U+0921><U+093E><U+091F><U+093E> https://t.co/okRoY43bGm #<U+091F><U+0915><U+0928><U+0932><U+091C> #offer"
"474",0,"#Jio <U+0915><U+0947> <U+091C><U+0935><U+093E><U+092C> <U+092E><U+0947><U+0902> #Airtel <U+0915><U+093E> <U+0928><U+092F><U+093E> <U+0927><U+092E><U+093E><U+0915><U+093E>, 399 <U+0930><U+0941>. <U+092E><U+0947><U+0902> 84GB <U+0921><U+093E><U+091F><U+093E> -
https://t.co/I1KHmK0JBR 
#Offer https://t.co/EEggiLUNWX"
"475",0,"#Airtel <U+0A28><U+0A47> <U+0A06><U+0A2A><U+0A23><U+0A47> <U+0A07><U+0A38> <U+0A2A><U+0A32><U+0A3E><U+0A28> '<U+0A1A> <U+0A15><U+0A40><U+0A24><U+0A3E> <U+0A2C><U+0A26><U+0A32><U+0A3E><U+0A05>, <U+0A2E><U+0A3F><U+0A32><U+0A47><U+0A17><U+0A3E> 84GB <U+0A21><U+0A3E><U+0A1F><U+0A3E> https://t.co/R0Dmr2lFvU
@airtelindia https://t.co/0GBT6g1WV1"
"476",0,"<U+090F><U+092F><U+0930><U+091F><U+0947><U+0932> <U+0915><U+0947> <U+0907><U+0938> <U+0911><U+092B><U+0930> <U+0928><U+0947> <U+091C><U+093F><U+092F><U+094B> <U+0915><U+0940> <U+0909><U+0921><U+093C><U+093E><U+0908> <U+0928><U+0940><U+0902><U+0926>, <U+092E><U+093F><U+0932><U+0947><U+0917><U+093E> 28 <U+0917><U+0941><U+0928><U+093E> <U+0905><U+0924><U+093F><U+0930><U+093F><U+0915><U+094D><U+0924> <U+0921><U+0947><U+091F><U+093E>

https://t.co/WomOZBoGD6

#RepublicDay2018… https://t.co/N2uiFPPIYx"
"477",1,"Entamons la semaine avec des ondes positives grâce à cette citation. <ed><U+00A0><U+00BD><ed><U+00B8><U+0089> #Airtel #Gabon https://t.co/TtZRP6ksik"
"478",0,"#BigNews360 RT Ikesari0001: <U+091C><U+093F><U+092F><U+094B> <U+0915><U+094B> <U+091F><U+0915><U+094D><U+0915><U+0930> <U+0926><U+0947><U+0928><U+0947> <U+0915><U+0947> <U+0932><U+093F><U+090F> <U+090F><U+092F><U+0930><U+091F><U+0947><U+0932> <U+0928><U+0947> <U+0905><U+092A><U+0928><U+0947> <U+0907><U+0938> <U+092A><U+094D><U+0932><U+093E><U+0928> <U+092E><U+0947><U+0902> <U+0915><U+093F><U+092F><U+093E> <U+092C><U+0926><U+0932><U+093E><U+0935>… https://t.co/EyFzh1uWXv"
"479",0,"RT @Ikesari0001: <U+091C><U+093F><U+092F><U+094B> <U+0915><U+094B> <U+091F><U+0915><U+094D><U+0915><U+0930> <U+0926><U+0947><U+0928><U+0947> <U+0915><U+0947> <U+0932><U+093F><U+090F> <U+090F><U+092F><U+0930><U+091F><U+0947><U+0932> <U+0928><U+0947> <U+0905><U+092A><U+0928><U+0947> <U+0907><U+0938> <U+092A><U+094D><U+0932><U+093E><U+0928> <U+092E><U+0947><U+0902> <U+0915><U+093F><U+092F><U+093E> <U+092C><U+0926><U+0932><U+093E><U+0935> https://t.co/iXuYKGUDt1 #Jio #Airtel .@airtelindia https:…"
"480",0,"<U+091C><U+093F><U+092F><U+094B> <U+0915><U+094B> <U+091F><U+0915><U+094D><U+0915><U+0930> <U+0926><U+0947><U+0928><U+0947> <U+0915><U+0947> <U+0932><U+093F><U+090F> <U+090F><U+092F><U+0930><U+091F><U+0947><U+0932> <U+0928><U+0947> <U+0905><U+092A><U+0928><U+0947> <U+0907><U+0938> <U+092A><U+094D><U+0932><U+093E><U+0928> <U+092E><U+0947><U+0902> <U+0915><U+093F><U+092F><U+093E> <U+092C><U+0926><U+0932><U+093E><U+0935> https://t.co/iXuYKGUDt1 #Jio #Airtel .@airtelindia https://t.co/bFvr21ajJk"
"481",0,"Airtel <U+0C2A><U+0C4D><U+0C32><U+0C3E><U+0C28><U+0C4D><U+0C32><U+0C32><U+0C4B> <U+0C2E><U+0C3E><U+0C30><U+0C4D><U+0C2A><U+0C41><U+0C32><U+0C41>, <U+0C1C><U+0C3F><U+0C2F><U+0C4B> <U+0C30><U+0C42>.399, <U+0C30><U+0C42>.149<U+0C15><U+0C3F> <U+0C17><U+0C1F><U+0C4D><U+0C1F><U+0C3F> <U+0C2A><U+0C4B><U+0C1F><U+0C40> https://t.co/cbPgATMhrE #news #technology #mobiles… https://t.co/z3JTGod7HW"
"482",0,"Airtel <U+0C2A><U+0C4D><U+0C32><U+0C3E><U+0C28><U+0C4D><U+0C32><U+0C32><U+0C4B> <U+0C2E><U+0C3E><U+0C30><U+0C4D><U+0C2A><U+0C41><U+0C32><U+0C41>, <U+0C1C><U+0C3F><U+0C2F><U+0C4B> <U+0C30><U+0C42>.399, <U+0C30><U+0C42>.149<U+0C15><U+0C3F> <U+0C17><U+0C1F><U+0C4D><U+0C1F><U+0C3F> <U+0C2A><U+0C4B><U+0C1F><U+0C40> https://t.co/kNZNesVJew #news #technology #mobiles… https://t.co/YafkB0NQFo"
"483",1,"RT @Nidhibh28539919: Duniya ka fastest network #Airtel.....
.
Meri aapse hath jod k gujarish h k tumhe agr <U+092A><U+0939><U+093E><U+0921><U+093C><U+094B><U+0902>,<U+092A><U+0930><U+094D><U+0935><U+0924><U+094B><U+0902>,<U+0914><U+0930> <U+091C><U+0902><U+0917><U+0932><U+094B><U+0902> <U+092E><U+0947><U+0902> <U+091C><U+093E>…"
"484",-2,"Dear #Airtel! Don’t blame me! Blame the network! <ed><U+00A0><U+00BD><ed><U+00B8><U+009D> I’m attempting to pay the bill https://t.co/Gdf13U0ewp"
"485",0,"RT @Airtel_GA: As-tu fait une grasse matinée aujourd'hui ? <ed><U+00A0><U+00BD><ed><U+00B8><U+0084>
Excellent repos dominical. #Airtel #Gabon https://t.co/1aGTeUQcmy"
"486",0,"RT @maalaimalar: <U+0B8F><U+0BB0><U+0BCD><U+0B9F><U+0BC6><U+0BB2><U+0BCD> <U+0BB0><U+0BC2>.149: <U+0BAA><U+0BB4><U+0BC8><U+0BAF> <U+0B9A><U+0BB2><U+0BC1><U+0B95><U+0BC8> <U+0B86><U+0BA9><U+0BBE><U+0BB2><U+0BCD> <U+0BAA><U+0BC1><U+0BA4><U+0BBF><U+0BAF> <U+0BA8><U+0BA9><U+0BCD><U+0BAE><U+0BC8>

#Airtel #RelianceJio #Offers https://t.co/DmibDcCdZl"
"487",0,"<U+0B8F><U+0BB0><U+0BCD><U+0B9F><U+0BC6><U+0BB2><U+0BCD> <U+0BB0><U+0BC2>.149: <U+0BAA><U+0BB4><U+0BC8><U+0BAF> <U+0B9A><U+0BB2><U+0BC1><U+0B95><U+0BC8> <U+0B86><U+0BA9><U+0BBE><U+0BB2><U+0BCD> <U+0BAA><U+0BC1><U+0BA4><U+0BBF><U+0BAF> <U+0BA8><U+0BA9><U+0BCD><U+0BAE><U+0BC8>

#Airtel #RelianceJio #Offers https://t.co/DmibDcCdZl"
"488",0,"<U+091C><U+093F><U+092F><U+094B> <U+0928><U+0947> <U+090F><U+092F><U+0930><U+091F><U+0947><U+0932> <U+0935><U+094B><U+0921><U+093E><U+092B><U+094B><U+0928> <U+0915><U+094B> <U+0926><U+0940> <U+0915><U+0921><U+093C><U+0940> <U+091F><U+0915><U+094D><U+0915><U+0930>, <U+0907><U+0924><U+0928><U+0947> <U+092E><U+0947><U+0902> <U+0926><U+0947> <U+0930><U+0939><U+093E> <U+0905><U+0928><U+0932><U+093F><U+092E><U+093F><U+091F><U+0947><U+0921> <U+0921><U+093E><U+091F><U+093E> <U+0914><U+0930> <U+0915><U+093E><U+0932><U+093F><U+0902><U+0917>
#Jio #Vodafone #Airtel #Idea... https://t.co/j5EXZY9Nel"
"489",1,"Duniya ka fastest network #Airtel.....
.
Meri aapse hath jod k gujarish h k tumhe agr <U+092A><U+0939><U+093E><U+0921><U+093C><U+094B><U+0902>,<U+092A><U+0930><U+094D><U+0935><U+0924><U+094B><U+0902>,<U+0914><U+0930> <U+091C><U+0902><U+0917><U+0932><U+094B><U+0902> <U+092E><U+0947><U+0902>… https://t.co/uZJLw2pVlv"
"490",0,"<U+09E7><U+09EA><U+09EF><U+099F><U+09BE><U+0995><U+09BE><U+09AF><U+09BC> <U+09A6><U+09C1><U+09B0><U+09CD><U+09A6><U+09BE><U+09A8><U+09CD><U+09A4> <U+0985><U+09AB><U+09BE><U+09B0> <U+09A6><U+09BF><U+099A><U+09CD><U+099B><U+09C7> <U+098F><U+09AF><U+09BC><U+09BE><U+09B0><U+099F><U+09C7><U+09B2>
https://t.co/RbOvDICkki
#Airtel #Kolkata24x7 #BengaliNews #KolkataNews https://t.co/7dOqnxuDuP"
"491",1,"#Reliance #JiO #lover <ed><U+00A0><U+00BD><ed><U+00B8><U+0082><ed><U+00A0><U+00BD><ed><U+00B8><U+0082>#airtel #phone https://t.co/VO01TsXG3k"
"492",0,"So, the only way I can use #Airtel internet is after installing VPN 
<ed><U+00A0><U+00BD><ed><U+00B8><U+00A1><ed><U+00A0><U+00BD><ed><U+00B8><U+00A1><ed><U+00A0><U+00BD><ed><U+00B8><U+00A1>"
"493",0,"Abonne-toi à notre chaîne YouTube et ne rate plus aucune de nos vidéos. 
Par ici <U+27A1><U+FE0F>  https://t.co/HGv02e3j4h… https://t.co/KMDDYQaJZ3"
"494",0,"As-tu fait une grasse matinée aujourd'hui ? <ed><U+00A0><U+00BD><ed><U+00B8><U+0084>
Excellent repos dominical. #Airtel #Gabon https://t.co/1aGTeUQcmy"
"495",0,"<U+090F><U+092F><U+0930><U+091F><U+0947><U+0932> <U+0928><U+0947> <U+0905><U+092A><U+0928><U+0947> 149 <U+0930><U+0941><U+092A><U+092F><U+0947> <U+0915><U+0947> <U+092A><U+094D><U+0932><U+093E><U+0928> <U+092E><U+0947><U+0902> <U+092C><U+0921><U+093C><U+093E> <U+092C><U+0926><U+0932><U+093E><U+0935> <U+0915><U+093F><U+092F><U+093E> <U+0939><U+0948><U+0964> 
#Airtel 
https://t.co/6rD3aDvq3a"
"496",-1,"@Airtel_Presence @DoT_India @TRAI 
Again the same problem 2 packs of <U+20B9>9 auto-renewed today. Even I told customer ex… https://t.co/ovM2CsOQNw"
"497",2,"#airtelteranetwork <ed><U+00A0><U+00BD><ed><U+00B8><U+00A0><ed><U+00A0><U+00BD><ed><U+00B8><U+00A0> the worst internet service ever. 4Gworks like 2G....I wonder what 2G would be like. Finally a… https://t.co/FnUVamPFSg"
"498",0,"YoY in #india #Bharti #Airtel
Subscribers <U+2191>8.1%
#mobile #data traffic <U+2191>460%
Profit <U+2193>39.3%
Revenue <U+2193>12.9%
blame it o… https://t.co/8tdL5hZtWE"
"499",0,"<ed><U+00A0><U+00BD><ed><U+00B4><U+00A5>High Data 4G plan with No FUP<ed><U+00A0><U+00BD><ed><U+00B4><U+00A5> #Jio #RelianceJio #Jio4G #Airtel #Airtel4G
https://t.co/zyP2D7WgDK"
"500",0,"#TRAI <U+0915><U+094B> <U+092A><U+0939><U+0932><U+0947> <U+091C><U+092E><U+0940><U+0928> <U+092A><U+0930> <U+0905><U+091A><U+094D><U+091B><U+093E> <U+0928><U+0947><U+091F><U+0935><U+0930><U+094D><U+0915> <U+0926><U+0947><U+0928><U+093E> <U+091A><U+093E><U+0939><U+093F><U+090F>, <U+0906><U+0938><U+092E><U+093E><U+0928> <U+092E><U+0947><U+0902> <U+092C><U+093E><U+0926> <U+092E><U+0947><U+0902> <U+092D><U+0940> <U+092E><U+093F><U+0932> <U+0938><U+0915><U+0924><U+093E> <U+0939><U+0948>. #DigitalIndia <U+0915><U+0939><U+0924><U+0947> <U+0939><U+0948><U+0902> <U+0914><U+0930> NCR (No… https://t.co/FLIkZMj6fS"
"501",0,"Réglez vos factures d'eau et d'électricité pour les compteurs Edan classiques directement sur votre mobile<ed><U+00A0><U+00BD><ed><U+00B3><U+00B1> sans vo… https://t.co/BK7iLtiMyz"
"502",0,"<U+092E><U+094B><U+0926><U+0940> <U+0938><U+0930><U+0915><U+093E><U+0930> <U+0915><U+093E> <U+090F><U+0915> <U+092B><U+0948><U+0938><U+0932><U+093E> <U+0914><U+0930> Jio <U+0928><U+0947> <U+0915><U+092E><U+093E> <U+0932><U+093F><U+090F> 500 <U+0915><U+0930><U+094B><U+0921><U+093C> 
https://t.co/mtF50F9nFH
<U+092A><U+0922><U+093C><U+0947><U+0902> <U+0914><U+0930> <U+0938><U+092E><U+091D><U+0947> <U+0915><U+093F> <U+0915><U+0948><U+0938><U+0947> <U+091A><U+094C><U+0915><U+0940><U+0926><U+093E><U+0930> <U+0905><U+092A><U+0928><U+0947> <U+092E><U+093E><U+0932><U+093F>… https://t.co/I6eQQyWzVW"
"503",0,"Airtel Network sucks..
4g <U+0915><U+0947> <U+0928><U+093E><U+092E> <U+092A><U+0930> <U+092C><U+0947><U+0935><U+0915><U+0942><U+092B> <U+092C><U+0928><U+093E> <U+0930><U+0939><U+0947> <U+0939><U+0948><U+0902> <U+092F><U+0947> <U+0932><U+094B><U+0917>...<ed><U+00A0><U+00BD><ed><U+00B8><U+00A4><ed><U+00A0><U+00BD><ed><U+00B8><U+00A4><ed><U+00A0><U+00BD><ed><U+00B8><U+00A4> #Airtel #Airtel4G https://t.co/LAULyaJNik"
"504",0,"<U+0B9F><U+0BBF><U+0B9F><U+0BBF><U+0B8E><U+0B9A><U+0BCD> <U+0BA8><U+0BBF><U+0BB1><U+0BC1><U+0BB5><U+0BA9><U+0BA4><U+0BCD><U+0BA4><U+0BBF><U+0BA9><U+0BCD> 25% <U+0BAA><U+0B99><U+0BCD><U+0B95><U+0BC1><U+0B95><U+0BB3><U+0BC8> <U+0BA8><U+0BC6><U+0B9F><U+0BCD><U+0B9F><U+0BBF><U+0BB3><U+0BCD> <U+0B87><U+0BA9><U+0BCD><U+0B83><U+0BAA><U+0BCD><U+0BB0><U+0BBE><U+0BB5><U+0BBF><U+0BB1><U+0BCD><U+0B95><U+0BC1> <U+0B85><U+0BB3><U+0BBF><U+0B95><U+0BCD><U+0B95><U+0BC1><U+0BAE><U+0BCD> <U+0BAA><U+0BBE><U+0BB0><U+0BCD><U+0BA4><U+0BBF> <U+0B8F><U+0BB0><U+0BCD><U+0B9F><U+0BC6><U+0BB2><U+0BCD>!
https://t.co/FDpfdN1cbt
#Airtel #DTH"
"505",1,"Thank you so much  <ed><U+00A0><U+00BD><ed><U+00B9><U+008F> #Airtel @Airtel_Presence @airtelindia #Karnataka for giving me the access to #AmazonPrime .. l… https://t.co/ueO0jtdiEs"
"506",0,"<U+0B9C><U+0BBF><U+0BAF><U+0BCB> 398, <U+0B8F><U+0BB0><U+0BCD><U+0B9F><U+0BC6><U+0BB2><U+0BCD> 398, <U+0B90><U+0B9F><U+0BBF><U+0BAF><U+0BBE> 398; <U+0BAA><U+0BB2><U+0BAE><U+0BBE><U+0BA9> <U+0BAA><U+0BCB><U+0B9F><U+0BCD><U+0B9F><U+0BBF>; <U+0B9A><U+0BBF><U+0BB1><U+0BA8><U+0BCD><U+0BA4><U+0BA4><U+0BC1> <U+0B8E><U+0BA4><U+0BC1> <U+0BA4><U+0BC6><U+0BB0><U+0BBF><U+0BAF><U+0BC1><U+0BAE><U+0BBE>? #TamilNews #Airtel #Jio #Idea… https://t.co/8BwHyDCc2e"
"507",0,"<U+0B95><U+0B9F><U+0BCD><U+0B9F><U+0BC1><U+0BAA><U+0BCD><U+0BAA><U+0B9F><U+0BBF><U+0BAF><U+0BBE><U+0B95><U+0BBE><U+0BA4> <U+0B95><U+0B9F><U+0BCD><U+0B9F><U+0BA3><U+0B95><U+0BCD> <U+0B95><U+0BC1><U+0BB1><U+0BC8><U+0BB5><U+0BC1>: <U+0B8F><U+0BB0><U+0BCD><U+0B9F><U+0BC6><U+0BB2><U+0BCD> <U+0B85><U+0BA4><U+0BBF><U+0B95><U+0BBE><U+0BB0><U+0BBF> <U+0B95><U+0BB5><U+0BB2><U+0BC8> https://t.co/uTYUD5DZ5U #Airtel"
"508",0,"RT @publictvnews: 15 <U+0CA4><U+0CBF><U+0C82><U+0C97><U+0CB3> <U+0CA8><U+0C82><U+0CA4><U+0CCD><U+0CB0> <U+0CB2><U+0CBE><U+0CAD><U+0C95><U+0CCD><U+0C95><U+0CC6> <U+0CAE><U+0CB0><U+0CB3><U+0CBF><U+0CA6> <U+0C9C><U+0CBF><U+0CAF><U+0CCB>- <U+0C8F><U+0CB0><U+0CCD> <U+0C9F><U+0CC6><U+0CB2><U+0CCD> <U+0C86><U+0CA6><U+0CBE><U+0CAF> <U+0C95><U+0CC1><U+0CB8><U+0CBF><U+0CA4> https://t.co/bVLXIB3QhX

#Jio #Airtel #Telecom #Tech #Mobile https…"
"509",0,"15 <U+0CA4><U+0CBF><U+0C82><U+0C97><U+0CB3> <U+0CA8><U+0C82><U+0CA4><U+0CCD><U+0CB0> <U+0CB2><U+0CBE><U+0CAD><U+0C95><U+0CCD><U+0C95><U+0CC6> <U+0CAE><U+0CB0><U+0CB3><U+0CBF><U+0CA6> <U+0C9C><U+0CBF><U+0CAF><U+0CCB>- <U+0C8F><U+0CB0><U+0CCD> <U+0C9F><U+0CC6><U+0CB2><U+0CCD> <U+0C86><U+0CA6><U+0CBE><U+0CAF> <U+0C95><U+0CC1><U+0CB8><U+0CBF><U+0CA4> https://t.co/bVLXIB3QhX

#Jio #Airtel #Telecom #Tech #Mobile https://t.co/7wLIkWWdTV"
"510",0,"#Airtel-#Idea <U+0915><U+094B> <U+091D><U+091F><U+0915><U+093E> <U+0926><U+0947> <U+091C><U+093F><U+092F><U+094B> <U+0928><U+0947> <U+0915><U+092E><U+093E> <U+0932><U+093F><U+090F> 504 <U+0915><U+0930><U+094B><U+0921><U+093C>, 5 <U+0924><U+093F><U+092E><U+093E><U+0939><U+0940> <U+092E><U+0947><U+0902> <U+0910><U+0938><U+0947> <U+092C><U+0926><U+0932><U+093E> <U+0916><U+0947><U+0932>

https://t.co/WMUmYjQJqZ"
"511",0,"#Country #NewDelhi #Airtel Airtel TV App <U+0915><U+093E> <U+0921><U+093E><U+0909><U+0928><U+0932><U+094B><U+0921><U+093F><U+0902><U+0917> <U+092E><U+0947><U+0902> <U+091C><U+094B><U+0930><U+0926><U+093E><U+0930> <U+0930><U+093F><U+0915><U+093E><U+0930><U+094D><U+0921>,<U+091C><U+093F><U+092F><U+094B> <U+0915><U+094B> <U+092A><U+0940><U+091B><U+0947> <U+091B><U+094B><U+0921><U+093C> <U+0906><U+092F><U+093E> <U+091F><U+0949><U+092A> 4 <U+092E><U+0947><U+0902>… https://t.co/W6JlaSQcGo"
"512",0,"<U+0924><U+0941><U+092E> <U+090F><U+092F><U+0930><U+091F><U+0947><U+0932> <U+0935><U+093E><U+0932><U+0947> <U+092A><U+093E><U+0917><U+0932> <U+0939><U+094B> <U+0917><U+090F> <U+0939><U+094B> <U+0915><U+094D><U+092F><U+093E>? <U+0905><U+092D><U+0940> <U+0905><U+092D><U+0940> 7042673076 <U+0907><U+0938> <U+0928><U+0902><U+092C><U+0930> <U+0938><U+0947> <U+0915><U+0949><U+0932> <U+0906><U+092F><U+093E> <U+0925><U+093E> <U+090F><U+092F><U+0930><U+091F><U+0947><U+0932> <U+0938><U+0947> <U+0915><U+093F><U+0938><U+0940> <U+0928><U+0947> <U+092C><U+0926><U+0924><U+092E><U+0940><U+091C><U+093C><U+0940> <U+0938><U+0947> <U+092C><U+093E><U+0924> <U+0915><U+0940><U+0964>… https://t.co/0xoX4Wz74j"
"513",0,"2 <U+0CB5><U+0CB0><U+0CCD><U+0CB7><U+0CA6> <U+0CA8><U+0C82><U+0CA4><U+0CB0> <U+0C9C><U+0CBF><U+0CAF><U+0CCB><U+0C97><U+0CC6> <U+0CAE><U+0CCA><U+0CA6><U+0CB2> <U+0CAC><U+0CBE><U+0CB0><U+0CBF> <U+0C86><U+0CA6><U+0CBE><U+0CAF>!!..<U+0C8F><U+0CB0><U+0CCD><U+200C><U+0C9F><U+0CC6><U+0CB2><U+0CCD><U+200C><U+0C97><U+0CBF><U+0C82><U+0CA4> <U+0CB9><U+0CC6><U+0C9A><U+0CCD><U+0C9A><U+0CC1>!! https://t.co/4NEavS08Xi #reliance #jio #airtel… https://t.co/8xHJjP0R6h"
"514",-1,"@Keshav4005 #Airtel aithe kadhu <ed><U+00A0><U+00BD><ed><U+00B9><U+008F><ed><U+00A0><U+00BC><ed><U+00BF><U+00BC><ed><U+00A0><U+00BD><ed><U+00B9><U+008F><ed><U+00A0><U+00BC><ed><U+00BF><U+00BC><ed><U+00A0><U+00BD><ed><U+00B9><U+008F><ed><U+00A0><U+00BC><ed><U+00BF><U+00BC> worst speed @airtelindia"
"515",1,"#BSNL unveils Rs.186 plan|1gb data/day|Unlimited local+STD+roaming calls|100 sms/day|28 days.
<ed><U+00A0><U+00BD><ed><U+00B1><U+0089> Unlimited roaming c… https://t.co/o4Xcrlfcm7"
"516",1,"iNteresting NEWS: while #Airtel Q3 profit dropped from <U+20B9>504cr to <U+20B9>306cr, Reliance #Jio opened account with <U+20B9>504cr p… https://t.co/6NGOrXZoKt"
"517",0,"@b50 LY same quarter #Airtel had rs504 cr profit...in just one year, it has come down to rs300 cr and #Jio took that number: rs504 Cr...<ed><U+00A0><U+00BD><ed><U+00B8><U+008E><ed><U+00A0><U+00BD><ed><U+00B8><U+008B><ed><U+00A0><U+00BE><ed><U+00B4><U+0094>"
"518",0,"Bought a data plan of 5<U+20B9>/hr got confirmation and got balance deducted too. @airtelindia @Airtel_Presence .Feedback… https://t.co/enoQynMHlU"
"519",-1,"RT @imarunaksh: Dear airtel,
I will pay all my dues please stop torturing in this way <ed><U+00A0><U+00BE><ed><U+00B4><U+00A3><ed><U+00A0><U+00BE><ed><U+00B4><U+00A3><ed><U+00A0><U+00BE><ed><U+00B4><U+00A3><ed><U+00A0><U+00BE><ed><U+00B4><U+00A3><ed><U+00A0><U+00BE><ed><U+00B4><U+00A3><ed><U+00A0><U+00BE><ed><U+00B4><U+00A3><ed><U+00A0><U+00BE><ed><U+00B4><U+00A3><ed><U+00A0><U+00BE><ed><U+00B4><U+00A3><ed><U+00A0><U+00BE><ed><U+00B4><U+00A3><ed><U+00A0><U+00BE><ed><U+00B4><U+00A3>

#FridayFeeling
#Airtel #Airtel4g https://…"
"520",0,"Airtel Network sucks...<ed><U+00A0><U+00BD><ed><U+00B8><U+00A1><ed><U+00A0><U+00BD><ed><U+00B8><U+00A4>
<U+092F><U+0947> <U+092A><U+094B><U+0938><U+094D><U+091F> <U+0915><U+0930><U+0928><U+0947> <U+0915><U+0947> <U+0932><U+093F><U+090F> <U+092D><U+0940> <U+0926><U+0942><U+0938><U+0930><U+0947> <U+092C><U+0928><U+094D><U+0926><U+0947> <U+0915><U+0947> WiFi <U+0938><U+0947> connect <U+0915><U+093F><U+092F><U+093E> <U+0939><U+0948> <U+092C><U+0940><U+0938><U+0940> <ed><U+00A0><U+00BD><ed><U+00B8><U+008F><ed><U+00A0><U+00BD><ed><U+00B8><U+008F> #Airtel"
"521",0,"<U+0C15><U+0C41><U+0C02><U+0C1F><U+0C3F><U+0C38><U+0C3E><U+0C15><U+0C41><U+0C32><U+0C41> <U+0C1A><U+0C46><U+0C2A><U+0C4D><U+0C2A><U+0C15><U+0C02><U+0C21><U+0C3F>, <U+0C1F><U+0C46><U+0C32><U+0C3F><U+0C15><U+0C3E><U+0C02> <U+0C26><U+0C3F><U+0C17><U+0C4D><U+0C17><U+0C1C><U+0C3E><U+0C32><U+0C28><U+0C41> <U+0C06><U+0C21><U+0C47><U+0C38><U+0C41><U+0C15><U+0C41><U+0C28><U+0C4D><U+0C28><U+0C15><U+0C47><U+0C02><U+0C26><U+0C4D><U+0C30><U+0C02> ! https://t.co/U2KsA67b8q #news #telecom #idea #jio… https://t.co/N5OiNShZTB"
"522",0,"<U+0C15><U+0C41><U+0C02><U+0C1F><U+0C3F><U+0C38><U+0C3E><U+0C15><U+0C41><U+0C32><U+0C41> <U+0C1A><U+0C46><U+0C2A><U+0C4D><U+0C2A><U+0C15><U+0C02><U+0C21><U+0C3F>, <U+0C1F><U+0C46><U+0C32><U+0C3F><U+0C15><U+0C3E><U+0C02> <U+0C26><U+0C3F><U+0C17><U+0C4D><U+0C17><U+0C1C><U+0C3E><U+0C32><U+0C28><U+0C41> <U+0C06><U+0C21><U+0C47><U+0C38><U+0C41><U+0C15><U+0C41><U+0C28><U+0C4D><U+0C28><U+0C15><U+0C47><U+0C02><U+0C26><U+0C4D><U+0C30><U+0C02> ! https://t.co/2aFFJ98uUY #news #telecom #idea #jio… https://t.co/haFn8uNhu6"
"523",1,"Set this Latest Addictive Love Number #Ninnila<ed><U+00A0><U+00BD><ed><U+00B2><U+0096> From #TholiPrema As Your Caller tune Now By Following the Codes Men… https://t.co/79dlXbDY5X"
"524",0,"<U+30D3><U+30B6><U+3068><U+4E00><U+7DD2><U+306B><U+671F><U+9650><U+5207><U+308C><U+FF1F><U+3069><U+3046><U+306A><U+308B><U+79C1><U+306E>Aitel<U+30A4><U+30F3><U+30C9>SIM
https://t.co/kEqAs5F9Dc
 #<U+30A4><U+30F3><U+30C9><U+65C5><U+884C>
 #<U+6D77><U+5916>SIM<U+30AB><U+30FC><U+30C9>
 #<U+30D7><U+30EA><U+30DA><U+30A4><U+30C9>SIM
 #Airtel"
"525",0,"@TRAI @DoT_India @Airtel_Presence #Airtel Open Network,Airtel Network check report of my location.<ed><U+00A0><U+00BD><ed><U+00B8><U+0082><ed><U+00A0><U+00BD><ed><U+00B8><U+0082> I have no netw… https://t.co/mpUpktGful"
"526",-1,"Dear airtel,
I will pay all my dues please stop torturing in this way <ed><U+00A0><U+00BE><ed><U+00B4><U+00A3><ed><U+00A0><U+00BE><ed><U+00B4><U+00A3><ed><U+00A0><U+00BE><ed><U+00B4><U+00A3><ed><U+00A0><U+00BE><ed><U+00B4><U+00A3><ed><U+00A0><U+00BE><ed><U+00B4><U+00A3><ed><U+00A0><U+00BE><ed><U+00B4><U+00A3><ed><U+00A0><U+00BE><ed><U+00B4><U+00A3><ed><U+00A0><U+00BE><ed><U+00B4><U+00A3><ed><U+00A0><U+00BE><ed><U+00B4><U+00A3><ed><U+00A0><U+00BE><ed><U+00B4><U+00A3>

#FridayFeeling
#Airtel #Airtel4g https://t.co/kBq0J3pPOd"
"527",0,"<U+0C8F><U+0CB0><U+0CCD><U+200C><U+0C9F><U+0CC6><U+0CB2><U+0CCD><U+200C><U+0C97><U+0CC6> <U+0CB8><U+0CA4><U+0CA4> 7<U+0CA8><U+0CC7> <U+0CB8><U+0CBE><U+0CB0><U+0CBF><U+0CAF><U+0CC2> <U+0CAD><U+0CBE><U+0CB0><U+0CC0> <U+0CA8><U+0CB7><U+0CCD><U+0C9F>!..<U+0C9F><U+0CCD><U+0CB0><U+0CBE><U+0CAF><U+0CCD> <U+0CAE><U+0CA4><U+0CCD><U+0CA4><U+0CC1> <U+0C9C><U+0CBF><U+0CAF><U+0CCB><U+0C97><U+0CC6> <U+0C96><U+0CA1><U+0C95><U+0CCD> <U+0CB5><U+0CBE><U+0CB0><U+0CCD><U+0CA8><U+0CBF><U+0C82><U+0C97><U+0CCD>!! https://t.co/n6AnZGiXmT #airtel #jio… https://t.co/7JOUgYnoD1"
